FURX,"Furiex Pharmaceuticals, Inc. "
FFBH,"First Federal Bancshares of Arkansas, Inc. "
FDO,"Family Dollar Stores, Inc. "
QEP,"QEP Resources, Inc. "
CHTP,"Chelsea Therapeutics International, Ltd. "
VLCCF,Knightsbridge Tankers Limited 
RLOC,ReachLocal Inc. 
HSH,Hillshire Brands Company 
ELRC,Electro Rent Corp. 
FINL,Finish Line Inc. 
HF,HFF 
VMEM,Violin Memory 
ADS,Alliance Data Systems Corp. 
NBL,Noble Energy Inc. 
CRIS,Curis Inc. 
ELGX,Endologix Inc. 
FCE_A,Forest City Enterprises Inc. 
MHGC,Morgans Hotel Group Co. 
AET,Aetna Inc. 
CAG,ConAgra Foods Inc. 
ADSK,Autodesk Inc. 
CF,CF Industries Holdings Inc 
CTAS,Cintas Corp. 
FDX,FedEx Corp 
HOG,Harley-Davidson Inc 
GD,General Dynamics Corp. 
KR,Kroger Co. 
ESRX,Express Scripts Holding Company 
HCP,HCP Inc. 
BHE,Benchmark Electronics Inc. 
OMC,Omnicom Group Inc. 
SWK,Stanley Works 
MS,Morgan Stanley 
BRKL,Brookline Bancorp Inc 
CTRN,Citi Trends Inc 
EIG,Employers Holdings Inc 
EPM,Evolution Petroleum 
FICO,Fair Isaac Corp 
KPTI,Karyopharm Therapeutics Inc 
LKQ,LKQ Corporation 
RES,RPC Inc. 
MOD,Modine Manufacturing Co. 
QTWO,Q2 Holdings Inc 
MHK,Mohawk Industries Inc. 
MKC,McCormick & Co. Inc. 
PEG,Public Service Enterprise Group 
WYN,Wyndham Worldwide Corp 
TWGP,"Tower Group International, Ltd. "
NTK,Nortek Inc. 
SQNM,Sequenom Inc. 
CMCSK,Comcast Corporation 
MFRM,Mattress Firm Holding Corp. 
HITK,"Hi-Tech Pharmacal Co., Inc. "
CBEY,"Cbeyond, Inc. "
WLP,WellPoint Inc. 
METR,Metro Bancorp Inc 
MOVE,Move Inc. 
PSUN,Pacific Sunwear of California Inc. 
PSEM,Pericom Semiconductor Corp. 
USMO,"USA Mobility, Inc. "
RYL,Ryland Group Inc. 
SWI,SolarWinds 
TAM,Taminco Corp 
TIBX,TIBCO Software Inc. 
HTS,Hatteras Financial Corp 
AMRE,AmREIT 
VVTV,"ValueVision Media, Inc. "
LIFE,Life Technologies 
SWY,Safeway Inc. 
HCC,"HCC Insurance Holdings, Inc. "
KYTH,"Kythera Biopharmaceuticals, Inc. "
NBBC,NewBridge Bancorp 
PTP,Platinum Underwriters Holdings Ltd. 
TAL,Tal International Group Inc 
TQNT,TriQuint Semiconductor Inc. 
USTR,United Stationers Inc. 
VOLC,Volcano Corporation 
AMZG,American Eagle Energy Corp. 
EQU,Equal Energy Ltd. 
ICGE,"ICG Group, Inc. "
NE,Noble Corporation 
TAYC,"Taylor Capital Group, Inc. "
ASBC,Associated Banc-Corp 
PCL,Plum Creek Timber Co. Inc. 
HOT,Starwood Hotels & Resorts Worldwide Inc 
CNBC,"Center Bancorp, Inc. "
NBCB,First NBC Bank Holding Company 
MWV,Meadwestvaco Corporation 
DLLR,DFC Global Corp 
FIO,"Fusion-io, Inc. "
WAG,Walgreen Co. 
DFZ,R.G. Barry Corporation 
ARTC,ArthroCare Corporation 
UNS,UNS Energy Corporation 
RDC,Rowan Companies plc 
PFPT,Proofpoint Inc. 
RCII,Rent-A-Center Inc. 
SLG,SL Green Realty Corp. 
SAVE,Spirit Airlines Inc. 
TWI,Titan International Inc 
UBNK,United Financial Bancorp Inc 
BECN,Beacon Roofing Supply Inc. 
COKE,Coca-Cola Bottling Co. Consolidated 
DV,DeVry Education Group Inc 
EGN,Energen Corp. 
EBIX,Ebix Inc 
DO,Diamond Offshore Drilling Inc. 
GIMO,Gigamon 
QRHC,Quest Resource Holding Corp 
HUM,Humana Inc. 
ISRG,Intuitive Surgical Inc. 
SHW,Sherwin-Williams Co. 
FLO,Flowers Foods Inc. 
GWR,Genesee & Wyoming Inc. Cl A 
IMKTA,Ingles Markets Inc. 
WABC,WestAmerica Bancorporation 
MUSA,Murphy USA 
CARA,Cara Therapeutics Inc 
MPW,Medical Properties Trust 
QTS,QTS Realty Trust Inc 
PSB,PS Business Parks Inc 
CINF,Cincinnati Financial Corp. 
KO,Coca-Cola Co 
CCI,Crown Castle International Corp 
EIX,Edison International 
GOOG,Alphabet Inc 
CRM,Salesforce.com Inc. 
DG,Dollar General Corp 
LEG,Leggett & Platt Inc. 
MCK,McKesson Corp. 
LEN,Lennar Corp. 
MON,Monsanto Co. 
NSC,Norfolk Southern Corp. 
NFLX,Netflix Inc. 
TAP,Molson Coors Brewing Co. Cl B 
XLNX,Xilinx Inc. 
CASS,Cass Information Systems Inc. 
CENX,Century Aluminum Company 
CNO,CNO Financial Group 
COLB,Columbia Banking System Inc. 
PLXT,"PLX Technology, Inc. "
PEBO,Peoples Bancorp Inc. 
REXX,Rex Energy Corporation 
UCFC,United Community Financial Corp. 
UNFI,United Natural Foods Inc. 
USLM,United States Lime & Minerals Inc. 
VMI,Valmont Industries Inc. 
VVUS,VIVUS Inc. 
ZBRA,Zebra Technologies Corporation 
ATEN,A10 Networks Inc  
ACRE,Ares Commercial Real Estate Corp 
KODK,Eastman Kodak Co. 
FPRX,Five Prime Therapeutics Inc 
JACK,Jack in the Box Inc. 
XXIA,Ixia 
KCG,KCG Holdings Inc 
OLP,One Liberty Properties Inc. 
SGBK,Stonegate Bank Fort Lauderdale FL 
XCRA,Xcerra Corp 
BDX,Becton Dickinson & Co. 
CSRA,CSRA Inc 
DIS,Disney 
DISCA,Discovery Communications Inc. 
DVN,Devon Energy Corp. 
EL,Estee Lauder Cos. Inc. 
FSLR,First Solar Inc. 
FLR,Fluor Corp. 
GPC,Genuine Parts Co. 
HBAN,Huntington Bancshares Inc 
HAS,Hasbro Inc. 
LLY,Lilly 
LH,Laboratory Corp. of America Holdings 
MAR,Marriott International Inc. 
MAT,Mattel Inc 
MMM,3M Co 
MOS,Mosaic Company 
MDLZ,Mondelez International Inc 
MSFT,Microsoft Corporation 
NOV,National Oilwell Varco Inc 
NTRS,Northern Trust Corp. 
PDCO,Patterson Companies Inc 
PLD,Prologis Inc 
PVH,PVH Corp 
PKI,PerkinElmer Inc. 
QCOM,Qualcomm Inc. 
ROP,Roper Technologies Inc 
SCHW,Charles Schwab Corp. 
SO,Southern Co. 
SLB,Schlumberger Ltd. 
STI,Suntrust Banks Inc. 
TIF,Tiffany & Co. 
TJX,TJX Companies Inc. 
TROW,T Rowe Price Group Inc. 
TRV,Travelers Companies Inc 
UA_C,Under Armour Inc. Class C 
TXN,Texas Instruments Inc. 
TXT,Textron Inc. 
XL,XL Group Plc 
YHOO,Yahoo! Inc. 
ANF,Abercrombie & Fitch Co. 
AWK,American Water Works Co Inc. 
ARC,ARC Document Solutions 
ARTNA,Artesian Resources Corp. 
BANF,BancFirst Corp. 
ARCC,Ares Capital Corp 
BKU,BankUnited Inc. 
CLW,Clearwater Paper 
BBGI,Beasley Broadcast Group Inc 
BKCC,BlackRock Capital Investment Corp 
CRI,Carters Inc. 
CPN,Calpine 
CHFN,Charter Financial Corp 
LNG,Cheniere Energy Inc. 
DMRC,Digimarc Corp 
XEC,Cimarex Energy Co 
CSII,Cardiovascular Systems Inc. 
CIEN,CIENA CORP 
COLM,Columbia Sportswear Co. 
FCBC,First Community Bancshares Inc. 
DECK,Deckers Outdoor Corp. 
DST,DST Systems Inc. 
CRAI,CRA International Inc. 
DXCM,DexCom Inc. 
EXP,Eagle Materials Inc 
ECPG,Encore Capital Group Inc 
DXPE,DXP Enterprises Inc. 
ENTG,Entegris Inc. 
WIRE,Encore Wire Corp. 
EXAC,Exactech Inc. 
FLDM,Fluidigm Corporation 
LOPE,Grand Canyon Education Inc. 
GWRE,Guidewire Software 
GBNK,Guaranty Bancorp 
GAIN,Gladstone Investment Corp 
HCI,HCI Group Inc 
IPGP,IPG Photonics Corporation 
GBDC,Golub Capital BDC Inc 
BGC,General Cable Corp. 
HCKT,Hackett Group Inc 
HURC,Hurco Companies Inc. 
HASI,Hannon Armstrong Sustainable Infrastructure Capital Inc 
HOS,Hornbeck Offshore Services Inc. 
HI,Hillenbrand Inc 
HEOP,Heritage Oaks Bancorp 
MTRN,Materion Corp 
HUBG,Hub Group Inc. 
JBHT,Hunt 
MLR,Miller Industries Inc. 
KFY,Korn/Ferry International 
VIVO,Meridian Bioscience Inc. 
MANH,Manhattan Associates Inc. 
NVR,NVR Inc. 
LIOX,Lionbridge Technologies Inc. 
MNTA,Momenta Pharmaceuticals Inc. 
NBHC,National Bank Holdings Corp 
MINI,Mobile Mini Inc. 
NCR,NCR Corp. 
NYCB,New York Community Bancorp Inc. 
NVEC,NVE Corp 
OMN,Omnova Solutions Inc. 
HSP,Hospira Inc 
HES,Hess Corp 
LTXC,LTX-Credence Corporation 
DMND,Diamond Foods Inc 
FMER,FirstMerit Corp 
DWA,Dreamworks Animation SKG Inc. 
MHFI,McGraw Hill Financial Inc. 
ESC,Emeritus Corporation 
OPLK,Oplink Communications Inc. 
KOG,Kodiak Oil & Gas Corp 
VITC,"Vitacost.com, Inc. "
DTV,DIRECTV 
ZMH,"Zimmer Holdings, Inc. "
OPEN,"OpenTable, Inc. "
ARSD,Arabian American Development Company 
PTGI,"PTGi Holding, Inc "
FMD,First Marblehead Corp. 
SGNT,Sagent Pharmaceuticals Inc. 
NBR,Nabors Industries Ltd. 
NGPC,NGP Capital Resources Company 
SPF,Standard Pacific Corp 
JOY,Joy Global Inc. 
VOCS,"Vocus, Inc. "
LO,"Lorillard, Inc "
OEH,Orient-Express Hotels Ltd. 
SLM,SLM Corporation 
GTAT,"GT Advanced Technologies, Inc. "
RAI,Reynolds American Inc 
DNDN,Dendreon Corp 
NASB,NASB Financial Inc. 
EDIG,E-Digital Corporation 
PATR,"Patriot Transportation Holding, Inc. "
TXI,"Texas Industries, Inc. "
EPL,"EPL Oil & Gas, Inc. "
ATK,Alliant Techsystems Inc. 
VPRT,Vistaprint N.V. 
ARX,Aeroflex Holding Corp. 
VPFG,"ViewPoint Financial Group, Inc. "
ABFS,Arkansas Best Corporation 
ONNN,ON Semiconductor Corporation 
SUSS,Susser Holdings Corporation 
AVP,"Avon Products, Inc. "
ASEI,American Science & Engineering Inc 
PGR,Progressive Corp. 
TSCO,Tractor Supply Co. 
STSI,"Star Scientific, Inc. "
SKH,"Skilled Healthcare Group, Inc. "
WIN,"Windstream Holdings, Inc. "
CNDO,"Coronado Biosciences, Inc. "
NU,Northeast Utilities 
BEAM,Beam Inc. 
DVR,"Cal Dive International, Inc. "
SCBT,"First Financial Holdings, Inc. "
QCOR,"Questcor Pharmaceuticals, Inc. "
MCRS,"MICROS Systems, Inc. "
ZIGO,Zygo Corporation 
BODY,Body Central Corp. 
PETM,"PetSmart, Inc "
ZLC,Zale Corporation 
LLEN,"L&L Energy, Inc. "
SGK,"Schawk, Inc. "
IDIX,"Idenix Pharmaceuticals, Inc. "
CFN,CareFusion Corporation 
LINTA,Liberty Interactive Corporation 
LSI,LSI Corporation 
ITC,ITC Holdings Corp 
COV,Covidien plc. 
FRX,"Forest Laboratories, Inc. "
HITT,Hittite Microwave Corporation 
WBCO,Washington Banking Company 
IPCM,IPC Healthcare Inc. 
LTM,Life Time Fitness Inc 
MDW,Midway Gold Corp. 
BWC,Babcock & Wilcox Co. 
CAP,CAI International 
CVD,Covance Inc. 
FSGI,First Security Group Inc 
PKT,Procera Networks Inc. 
SPW,SPX Corp. 
ROSE,Rosetta Resources Inc. 
RNDY,Roundy's Inc 
HME,Home Properties Inc 
HCT,American Realty Capital Healthcare Trust Inc 
HILL,Dot Hill Systems Corp. 
NCFT,Norcraft Cos. Inc 
ARR,ARMOUR Residential REIT Inc. 
RUBI,Rubocom Project Inc 
TIME,Time Inc 
DNR,Denbury Resources Inc. 
CVS,CVS Health Corp 
LNC,Lincoln National Corp. 
EMN,Eastman Chemical Co. 
KSS,Kohl's Corp. 
FB,Facebook Inc. 
ZTS,Zoetis Inc 
MCO,Moody's Corp. 
OKE,Oneok Inc. 
URBN,Urban Outfitters Inc. 
INTL,INTL FCStone Inc. 
NLS,Nautilus 
OMEX,Odyssey Marine Exploration Inc. 
ASGN,On Assignment Inc. 
PLAB,Photronics Inc. 
GY,GenCorp Inc. 
BXLT,Baxalta Inc 
OSIS,OSI Systems Inc. 
WPX,WPX Energy 
UCP,UCP Inc 
AGN,Allergan Inc. 
TRIP,TripAdvisor Inc. 
CAM,Cameron International Corp. 
ATI,Allegheny Technologies Incorporated 
SUNE,SunEdison 
SUBK,Suffolk Bancorp 
SYA,Symetra Financial Corp 
SUSQ,Susquehanna Bancshares Inc 
SFY,Swift Energy Co. 
SMA,Symmetry Medical Inc. 
THRX,Theravance Inc 
THOR,Thoratec Corp. 
UIL,UIL Holdings Corp 
UPL,Ultra Petroleum Corp. 
UNTD,United Online Inc 
URS,URS Corp. 
UTIW,UTi Worldwide Inc. 
XOOM,Xoom Corporation 
ZAZA,Zaza Energy Corp. 
ZEP,Zep 
FUBC,1st United Bancorp Inc. 
ANAD,ANADIGICS Inc 
ANAC,Anacor Pharmaceuticals Inc. 
APAGF,Apco Oil and Gas International Inc. 
ATML,Atmel Corp. 
ADNC,Audience Inc. 
AUXL,Auxilium Pharmaceuticals Inc 
AVNR,Avanir Pharmaceuticals Inc 
BKYF,Bank of Kentucky Financial Corp. 
BTH,Blyth Inc 
BOLT,Bolt Technology Corp. 
BKW,Burger King Worldwide 
CTRX,Catamaran Corp 
CQB,Chiquita Brands International Inc. 
CYN,City National Corp 
CNL,Cleco Corp. 
CTCT,Constant Contact Inc. 
CNSI,Comverse Inc. 
CRWN,Crown Media Holdings Inc. 
CBST,Cubist Pharmaceuticals Inc. 
TRAK,Dealertrack Technologies Inc. 
DXM,Dex Media Inc. 
DRIV,Digital River Inc. 
DYAX,Dyax Corp. 
DRTX,Durata Therapeutics Inc 
EOPN,E2open Inc. 
EDMC,Education Management Corp 
EOX,Emerald Oil Inc 
ELX,Emulex Corp 
EXXI,Energy XXI Ltd. 
EVRY,EveryWare Global Inc. 
FWM,Fairway Group Holdings Corp. 
FNFG,First Niagara Financial Group Inc. 
FST,Forest Oil Corp. 
FXCB,Fox Chase Bancorp Inc. 
TFM,The Fresh Market Inc. 
FRM,Furmanite 
FSYS,Fuel Systems Solutions Inc. 
FXEN,FX Energy Inc. 
GFIG,GFI Group Inc. 
GTIV,Gentiva Health Services Inc 
GLPW,Global Power Equipment Group Inc. 
HNT,Health Net Inc. 
ONE,Higher One Holdings 
AWAY,HomeAway Inc. 
ZINC,Horsehead Hldg Corp 
HVB,Hudson Valley Holding Corp. 
IFT,IMPERIAL HOLDINGS INC. 
INFA,Informatica Corp. 
CNVR,Conversant Inc 
ISSI,Integrated Silicon Solution Inc. 
ITMN,InterMune Inc. 
IBCA,Intervest Bancshares Corp. 
ISH,International Shipholding Corp. 
KKD,Krispy Kreme Doughnuts Inc. 
LF,LeapFrog Enterprises Inc. Cl A 
MHR,Magnum Hunter Resources Corp 
MSO,Martha Stewart Living Omnimedia Inc. 
MRGE,Merge Healthcare Inc 
MW,Men's Wearhouse Inc. 
MCRL,Micrel Inc. 
MRH,Montpelier Re Holdings Ltd. 
MWIV,MWI Veterinary Supply Inc 
NOR,Noranda Aluminum Holding 
NTLS,NTELOS Holdings Corp 
PTRY,Pantry Inc. 
PENX,Penford Corp. 
PBY,Pep Boys - Manny Moe & Jack 
PCYC,Pharmacyclics Inc. 
PMFG,PMFG Inc. 
RCPT,Receptos Inc. 
REMY,Remy International Inc 
RTI,RTI International Metals Inc 
RKUS,Ruckus Wireless 
SLXP,Salix Pharmaceuticals Ltd 
SAPE,Sapient Corporation 
SQI,SciQuest Inc. 
SIMG,Silicon Image Inc 
SIRO,Sirona Dental Systems Inc. 
SLH,Solera Holdings Inc 
SZYM,Solazyme Inc. 
SFG,StanCorp Financial Group Inc 
STNR,Steiner Leisure Ltd. 
KRFT,"Kraft Foods Group, Inc. "
TEG,Integrys Energy Group 
ARPI,American Residential Properties Inc 
BALT,Baltic Trading 
ASPX,Auspex Pharmaceuticals Inc 
BRDR,Borderfree Inc 
CCG,Campus Crest Communities Inc. 
CSG,Chambers Street Properties 
ICEL,Cellular Dynamics International Inc 
EXL,Excel Trust 
ISIS,Isis Pharmaceuticals Inc. 
KBALB,Kimball International Inc.
LDRH,LDR Holding Corp 
RCAP,RCS Capital Corp 
RGDO,Regado BioSciences Inc 
SQBK,Square 1 Financial Inc 
TRIV,TriVascular Technologies Inc 
APL,Atlas Pipeline Partners L.P. 
BMR,Biomed Realty Trust Inc 
MIL,MFC Industrial Ltd. 
REXI,Resource America Inc. 
EMC,EMC Corp. 
JAH,Jarden Corp 
THC,Tenet Healthcare Corp. 
ACCL,"Accelrys, Inc. "
ACO,Amcol International Corporation 
ATMI,ATMI Inc. 
CSE,CapitalSource Inc 
HTCO,Hickory Tech Corporation 
JNY,"Jones Group, Inc. "
PACR,"Pacer International, Inc. "
RCKB,"Rockville Financial, Inc. "
STSA,Sterling Financial Corporation 
SUPX,"Supertex, Inc. "
TECUA,Tecumseh Products Company 
DELL,Dell Inc. 
ROK,Rockwell Automation Inc. 
TYC,Tyco International PLC 
TWC,Time Warner Cable Inc 
GNW,Genworth Financial Inc 
ESBF,ESB Financial Corporation 
PPO,Polypore International Inc 
CATY,Cathay General Bancorp 
CBS,CBS Corp 
DPS,Dr Pepper Snapple Group Inc 
SEE,Sealed Air Corp. 
RTN,Raytheon Co. 
AFAM,Almost Family Inc 
CATM,Cardtronics Inc. 
RUSHA,Rush Enterprises Inc. 
TOL,Toll Brothers Inc. 
ONTY,Oncothyreon Inc. 
ARG,Airgas Inc. 
GSBD,Goldman Sachs BDC Inc Shs 
HTCH,Hutchinson Technology Incorporated 
SPGI,Untitled Dataset 2016-05-03 21:49:19
HPQ,Hewlett-Packard Co 
CPF,Central Pacific Financial Corp 
ULTR,Ultrapetrol Limited 
BCC,Boise Cascade Company 
LKFN,Lakeland Financial Corp. 
LNN,Lindsay Corp 
NAVB,Navidea Biopharmaceuticals 
PZZA,Papa Johns International Inc. 
OC,Owens Corning 
RUTH,Ruth's Hospitality Group Inc 
SXI,Standex International Corp. 
TCPC,TCP Capital Corp 
SPN,Superior Energy Services Inc. 
UFPI,Universal Forest Products Inc. 
WG,Willbros Group Inc. 
PAY,VeriFone Systems 
NAVI,Navient Corp 
CA,CA Technologies 
RIG,Transocean Ltd. 
GMT,GATX Corp. 
FCS,Fairchild Semiconductor International Inc. 
STR,SPDR MSCI Europe Consumer Discretionary UCITS ETF 
PLL,Pall Corporation 
GCI,"Gannett Co., Inc. "
AIR,AAR Corp 
ATR,AptarGroup Inc. 
ALKS,Alkermes plc 
ADUS,Addus HomeCare Corporation 
ALR,Alere 
ACM,AECOM 
UHAL,AMERCO 
AIT,Applied Industrial Technologies Inc. 
AHS,AMN Healthcare Services Inc. 
AINV,Apollo Investment Corp 
AGX,Argan Inc. 
BEBE,Bebe Stores Inc 
NILE,Blue Nile Inc. 
AROW,Arrow Financial Corp. 
ASTE,Astec Industries Inc. 
BMI,Badger Meter 
CALD,Callidus Software Inc. 
DKS,Dick's Sporting Goods Inc 
CIT,CIT Group Inc. 
BRO,Brown & Brown Inc. 
BRCD,Brocade Communications Systems Inc. 
FBC,Flagstar Bancorp Inc. 
CEB,CEB Inc 
CMRX,Chimerix Inc. 
COO,Cooper Cos. 
CZNC,Citizens & Northern Corp 
CHTR,Charter Communications Inc. 
COBZ,CoBiz Financial Inc 
ENOC,EnerNOC Inc. 
DEST,Destination Maternity Corp 
DY,Dycom Industries Inc. 
ERIE,Erie Indemnity Co. 
FSC,Fifth Street Finance Corp 
FCNCA,First Citizens Bancshares Inc. 
FCN,FTI Consulting Inc. 
FTK,Flotek Industries Inc. 
WST,West Pharmaceutical Services Inc. 
FLIC,First of Long Island Corp. 
FOR,Forestar Group 
GNCMA,General Communication Inc. 
GFF,Griffon Corp. 
HCA,HCA Holdings 
HAE,Haemonetics Corp. 
HLF,Herbalife 
HNI,HNI Corp 
HCCI,Heritage-Crystal Clean Inc. 
CALL,magicJack VocalTec Ltd 
LVNTA,Liberty Interactive Corp 
VOYA,Voya Financial Inc 
ITIC,Investors Title Co. 
JAKK,Jakks Pacific Inc. 
LANC,Lancaster Colony Corp. 
LECO,Lincoln Electric Holdings Inc. 
MGLN,Magellan Health Services Inc. 
VAC,Marriott Vacations Worldwide Corp. 
MSG,MSG Network Inc 
MWW,Monster Worldwide Inc. 
MORN,Morningstar Inc 
OLN,Olin Corp. 
OGE,OGE Energy Corp. 
NICK,Nicholas Financial Inc 
ZEUS,Olympic Steel Inc. 
POWI,Power Integrations Inc. 
PNNT,PennantPark Investment Corporation 
PVTB,PrivateBancorp Inc. 
POL,PolyOne Corp. 
POOL,Pool Corp 
SCSS,Select Comfort Corporation 
PFBC,Preferred Bank 
RSYS,RadiSys Corporation 
RAVN,Raven Industries Inc. 
RECN,Resources Connection Inc 
SCI,Service Corp. International 
SSNI,Silver Spring Networks Inc 
SPTN,SpartanNash Co. 
TPX,Tempur Sealy International 
VDSI,VASCO Data Security International Inc. 
TKR,Timken Co. 
TPC,Tutor Perini 
UIS,Unisys Corp. 
URG,Ur-Energy Inc. 
WASH,Washington Trust Bancorp Inc. 
WTBA,West Bancorporation Inc. 
ZUMZ,Zumiez Inc. 
WSFS,WSFS Financial Corp 
WCG,WellCare Health Plans Inc. 
WMGI,Wright Medical Group Inc. 
ZIOP,ZIOPHARM Oncology Inc 
WWE,World Wrestling Entertainment Inc 
KEX,Kirby Corp. 
CHGG,Chegg Inc 
O,Realty Income Corp. 
KMG,KMG Chemicals Inc. 
CTT,Catchmark Timber Trust Inc 
LPG,Dorian LPG Ltd. 
GOGO,Gogo Inc. 
FLXN,Flexion Therapeutics Inc. 
ESRT,Empire State Realty Trust Inc 
OLBK,Old Line Bancshares Inc 
XON,Intrexon 
LEE,Lee Enterprises Inc. 
NYMT,New York Mortgage Trust Inc 
NMIH,NMI Holdings Inc 
NEWM,New Media Investment Group Inc 
ORM,Owens Realty Mortgage Inc 
BMS,Bemis Co Inc 
CHKP,Check Point Software Technologies Ltd. 
TGT,Target Corp. 
DLTR,Dollar Tree Inc. 
COL,Rockwell Collins Inc. 
AZO,AutoZone Inc. 
BCR,Bard 
KLAC,KLA-Tencor Corp. 
VLO,Valero Energy Corp. 
LMT,Lockheed Martin Corp. 
KMX,CarMax Inc. 
NWSA,News Corp 
DRL,Doral Financial Corp. 
QLIK,Qlik Technologies Inc. 
COB,CommunityOne Bancorp 
ORCL,Oracle Corp. 
TGNA,Tegna Inc 
AMT,American Tower Corp 
EXH,Exterran Holdings Inc 
FSL,Freescale Semiconductor Ltd 
PRE,PartnerRe Ltd. 
WLT,Walter Energy Inc 
JGW,JG Wentworth Co 
BTU,Peabody Energy Corp 
ACFN,Acorn Energy Inc 
BIRT,Actuate Corporation 
ADVS,Advent Software Inc. 
AFOP,Alliance Fiber Optic Products Inc. 
ANR,Alpha Natural Resources Inc. 
APP,American Apparel Inc 
ANN,ANN INC 
BNNY,Annies Inc 
AOL,AOL Inc. 
ATNY,API Technologies Corp. 
ACI,Arch Coal Inc. 
ARUN,Aruba Networks Inc. 
BYI,Bally Technologies Inc 
CHDX,Chindex International Inc. 
BRLI,Bio-Reference Laboratories Inc. 
BLT,Blount International Inc. 
BBNK,Bridge Capital Holdings 
CJES,C&J Energy Services Ltd 
BDBD,Boulder Brands Inc. 
CKP,Checkpoint Systems Inc 
CPWR,CompuWare Corp. 
CRRC,Courier Corp. 
CYNI,Cyan Inc 
CYT,Cytec Industries Inc. 
DWRE,Demandware Inc 
BAGR,Diversified Restaurant Holdings Inc. 
DRC,Dresser-Rand Group Inc 
END,Endeavour International Corp.
BAGL,Einstein Noah Restaurant Group Inc 
ENTR,Entropic Communications Inc. 
ENZN,Enzon Pharmaceuticals Inc 
XLS,Exelis Inc 
EXAM,ExamWorks Group 
FRNK,Franklin Financial Corp 
FRF,Fortegra Financial 
GCA,Global Cash Access Holdings 
GDP,Goodrich Petroleum Corp. 
HPTX,Hyperion Therapeutics Inc. 
HMPR,Hampton Roads Bankshares Inc 
HLSS,Home Loan Servicing Solutions Ltd 
IGTE,IGATE Corp 
IHS,IHS Cl A 
MCGC,MCG Capital Corp 
IRF,International Rectifier Corp. 
MKTO,Marketo Inc. 
MILL,Miller Energy Resources 
MEAS,Measurement Specialties Inc.
MDAS,MedAssets Inc. 
MDCI,Medical Action Industries Inc. 
MIG,Meadowbrook Insurance Group Inc. 
MFLX,Multi-Fineline Electronix Inc. 
MM,Millennial Media 
MCP,Molycorp 
MGAM,Multimedia Games Holding Company Inc. 
NSPH,Nanosphere Inc 
NPSP,NPS Pharmaceuticals Inc. 
NES,Nuverra Environmental Solution 
OABC,OmniAmerican Bancorp Inc. 
OWW,Orbitz Worldwide Inc 
ORB,Orbital Sciences Corp. 
OVTI,OmniVision Technologies Inc. 
PMCS,PMC-Sierra Inc. 
PVA,Penn Virginia Corp. 
PNX,Phoenix Cos. Inc. 
PIKE,Pike Corp 
POWR,PowerSecure International 
PGI,Premiere Global Services Inc 
POZN,Pozen Inc. 
PL,Protective Life Corp. 
RALY,Rally Software Development Corp 
ZQK,Quiksilver Inc. 
KWK,Quicksilver Resources Inc. 
RSH,RadioShack Corp. 
RJET,Republic Airways Holdings Inc. 
CODE,Spansion Inc 
RVBD,Riverbed Technology Inc 
RFMD,RF Micro Devices Inc. 
SIGA,SIGA Technologies Inc 
GEVA,Synageva BioPharma Corp. 
SWSH,Swisher Hygiene Inc 
SWS,SWS Group Inc. 
TRGT,Targacept Inc 
TSYS,TeleCommunication Systems Inc. 
TGE,TGC Industries Inc. 
TRNX,Tornier N.V. 
TRLA,Trulia Inc 
TRW,TRW Automotive Holdings Corp 
XNPT,XenoPort Inc. 
WRES,Warren Resources Inc. 
VTG,Vantage Drilling Co 
UACL,Universal Truckload Services Inc 
WWWW,Web.com Group Inc. 
VIAS,Viasystems Group Inc. 
VRNG,Vringo Inc 
WPP,Wausau Paper Corp 
WTSL,Wet Seal Inc. 
HUB_B,Hubbell Inc. 
JDSU,JDS Uniphase Corp 
CRRS,Corporate Resource Services Inc. 
CSCD,Cascade Microtech Inc. 
HELI,CHC Group Ltd 
AEC,Associated Estates Realty Corporation 
AVIV,Aviv REIT 
IRC,Inland Real Estate Corp 
IG,"IGI Laboratories, Inc "
KCLI,Kansas City Life Insurance Co. 
KEG,Key Energy Svcs 
KFX,Kofax Ltd 
LBMH,Liberator Medical Holdings Inc. 
MVNR,Mavenir Systems Inc. 
NBS,NeoStem Incorporated 
LEAF,Springleaf Holdings Inc. 
OPWR,Opower Inc 
VTSS,Vitesse Semiconductor Corporation 
SFXE,SFX Entertainment Inc. 
SPDC,Speed Commerce Inc. 
STCK,BMC Stock Holdings Inc 
BEE,Strategic Hotels & Resorts Inc. 
TSRE,Trade Street Residential Inc. 
TXTR,Textura Corp 
COHR,Coherent Inc. 
HERO,Hercules Offshore Inc 
SHOO,Madden 
UPIP,Unwired Planet Inc. 
CVC,Cablevision Systems Corp. 
TE,TECO Energy Inc. 
MEIP,MEI Pharma Inc. 
EBSB,Meridian Bancorp Inc 
LBAI,LakeLand Bancorp Inc. 
LMCA,Liberty Media Corp 
MKTX,MarketAxess Holdings Inc. 
MNTX,Manitex International Inc. 
NTGR,NETGEAR Inc. 
OCN,Ocwen Financial Corp. 
STFC,State Auto Financial Corp. 
SYUT,Synutra International Inc. 
OFC,Corporate Office Properties Trust 
AAT,American Assets Trust Inc. 
IRET,Investors Real Estate Trust 
NSTG,NanoString Technologies Inc. 
CME,CME Group Inc 
ANTM,Anthem Inc 
CAH,Cardinal Health Inc. 
FLIR,FLIR Systems Inc. 
COF,Capital One Financial Corp 
CMCSA,Comcast Corp 
EMR,Emerson Electric Co. 
MAC,Macerich Co. 
VIAB,Viacom Inc 
AMSG,Amsurg Corp. 
AVA,Avista Corp. 
CALM,Cal-Maine Foods Inc. 
CNBKA,Century Bancorp Inc. 
CRUS,Cirrus Logic Inc. 
CFX,Colfax 
CUB,Cubic Corp. 
MCF,Contango Oil & Gas Co. 
DCO,Ducommun Inc. 
ECYT,Endocyte Inc. 
EDE,Empire District Electric Co. 
XCO,EXCO Resources 
FFNW,First Financial Northwest Inc 
USMD,USMD Holdings Inc. 
STT,State Street Corp 
PNY,Piedmont Natural Gas Co Inc 
SKUL,Skullcandy Inc. 
BBCN,BBCN Bancorp Inc. 
FUR,Winthrop Realty Trust 
WIBC,Wilshire Bancorp Inc 
BRCM,Broadcom Corp. 
CSC,Computer Sciences Corporation 
HCBK,"Hudson City Bancorp, Inc. "
SIAL,Sigma-Aldrich Corporation 
CCE,Coca-Cola Enterprises Inc 
GLRI,Glori Energy Inc 
VFC,VF Corp. 
SSS,Sovran Self Storage Inc. 
FEIC,FEI Company 
TLMR,Talmer Bancorp Inc 
SNTA,Synta Pharmaceuticals Corp. 
TUMI,Tumi Holdings 
PYPL,PayPal Holdings Inc 
NEWP,Newport Corporation 
AP,Ampco-Pittsburgh Corp. 
ANDE,Andersons Inc. 
B,Barnes Group Inc. 
DF,Dean Foods Co. 
RPTP,Raptor Pharmaceutical Corp. 
SGI,Silicon Graphics International Corp 
SSTK,Shutterstock Inc 
TTWO,Take-Two Interactive Software Inc. 
WGL,WGL Holdings Inc. 
ESS,Essex Property Trust Inc. 
TWO,Two Harbors Investment Corp 
TEL,TE Connectivity 
NYRT,New York REIT Inc 
PTIE,Pain Therapeutics 
TCS,The Container Store Group Inc. 
HIG,Hartford Financial Services Group Inc. 
DFS,Discover Financial Services 
EW,Edwards Lifesciences Corp 
FFIV,F5 Networks Inc. 
NRG,NRG Energy Inc 
UNH,UnitedHealth Group Inc 
PFE,Pfizer Inc 
VZ,Verizon Communications Inc 
WY,Weyerhaeuser Co. 
BKD,Brookdale Senior Living 
CECE,CECO Environmental Corp. 
CRK,Comstock Resources Inc. 
BUSE,First Busey Corp 
MTX,Minerals Technologies Inc. 
NPTN,Neophotonics 
PHMD,PhotoMedex Inc. 
GSIG,GSI Group Inc. 
CFG,Citizens Financial Group Inc 
TIS,Orchids Paper Products Co. 
WFD,Westfield Financial Inc 
WBS,Webster Financial Corp 
KBR,KBR Inc 
CMN,Cantel Medical Corp 
CBB,Cincinnati Bell 
IILG,Interval Leisure Group Inc 
SALT,Scorpio Bulkers Inc 
EFX,Equifax Inc. 
MU,Micron Technology Inc. 
MMC,Marsh & McLennan Cos. 
RL,Ralph Lauren Corp 
PBI,Pitney Bowes Inc 
SYK,Stryker Corp. 
RHI,Robert Half International Inc. 
RSE,Rouse Properties Inc. 
GAS,AGL Resources Inc. 
MDVN,Medivation Inc 
AFFX,Affymetrix Inc. 
ARO,Aeropostale Inc. 
ANV,Allied Nevada Gold 
BPZ,BPZ Resources 
BWS,Brown Shoe Co. Inc. 
CNW,Con-way Inc. 
CNQR,Concur Technologies Inc. 
COCO,Corinthian Colleges Inc. 
CYBX,Cyberonics Inc. 
GTI,Graftech International Ltd. 
HGR,Hanger 
HPY,Heartland Payment Systems Inc 
NPBC,National Penn Bancshares Inc 
OCR,Omnicare Inc. 
OMG,"OM Group, Inc. "
PLMT,Palmetto Bancshares Inc. 
PSMI,Peregrine Semiconductor Corp 
RLD,RealD 
QLTY,Quality Distribution Inc. 
RKT,Rock-Tenn Co. Cl A 
ROC,Rockwood Holdings 
TW,Towers Watson & Co. 
TWTC,TW Telecom Inc
ENVE,Enventis Corp 
GRT,Glimcher Realty Trust 
JRN,Journal Communications Inc 
ADT,ADT Corp 
MATX,Matson Inc 
PLCM,Polycom Inc.   
OUTR,Outerwall Inc 
COG,Cabot Oil & Gas Corp. 
ALTR,Altera Corporation 
SWAY,Starwood Waypoint Residential Trust 
FOSL,"Fossil Group, Inc. "
ZBH,Zimmer Biomet Holdings Inc 
AXLL,Axiall Corp 
ATU,Actuant Corp. Cl A 
AMAG,AMAG Pharmaceuticals Inc. 
AMWD,American Woodmark Corporation 
ACAS,American Capital Ltd. 
AXE,Anixter International Inc. 
AGO,Assured Guaranty Ltd 
BMRN,BioMarin Pharmaceutical Inc. 
BCOV,Brightcove Inc. 
CARB,Carbonite Inc. 
CERS,Cerus Corporation 
CLNE,Clean Energy Fuels Corp. 
DAKT,Daktronics Inc. 
DRQ,Dril-Quip Inc. 
EBF,Ennis Inc 
FII,Federated Investors Inc 
FRGI,Fiesta Restaurant Group Inc. 
FOE,Ferro Corp. 
FAF,First American Financial Corp 
HLIT,Harmonic Inc. 
SMRT,Stein Mart Inc. 
SNCR,Synchronoss Technologies Inc. 
TLYS,Tillys 
TCBK,TriCo Bancshares 
WTI,W & T Offshore Inc 
WAIR,Wesco Aircraft Holdings 
WNR,Western Refining Inc 
MFA,MFA Financial Inc. 
EGLT,Egalet Corp 
JIVE,Jive Software Inc. 
MNR,Monmouth Real Estate Investment Corp 
MOG_A,Moog Inc. Cl A 
FRBK,Republic First Bancorp Inc. 
XNCR,Xencor Inc 
BBT,BB&T Corp. 
AMAT,Applied Materials Inc. 
CMS,CMS Energy Corp 
LYB,LyondellBasell Industries NV 
SJM,Smucker 
QRVO,Qorvo Inc 
WFC,Wells Fargo & Co. 
WYNN,Wynn Resorts Ltd 
T,AT&T Inc 
VRSN,VeriSign Inc. 
XRAY,DENTSPLY International Inc. 
IMMR,Immersion Corporation 
HRZN,Horizon Technology Finance Corp. 
I,Intelsat SA 
LHCG,LHC Group 
NAV,Navistar International 
MTD,Mettler-Toledo International Inc. 
MTG,MGIC Investment Corp. 
MTSC,MTS Systems Corp. 
NYT,New York Times Co. 
NMRX,Numerex Corp. 
EGOV,NIC Inc. 
OAS,Oasis Petroleum 
OB,OneBeacon Insurance Group Ltd 
OGXI,OncoGenex Pharmaceuticals Inc. 
PICO,PICO Holdings Inc. 
PRAA,PRA Group Inc 
RS,Reliance Steel & Aluminum Co. 
RST,Rosetta Stone 
RAD,Rite Aid Corp. 
SSP,Scripps 
PRLB,Proto Labs Inc 
SANM,Sanmina Corporation 
SFL,Ship Finance International Ltd 
TRC,Tejon Ranch Co. 
VPG,Vishay Precision Group 
BPI,Bridgepoint Education 
TIPT,Tiptree Financial Inc 
ALE,Allete Inc. 
AMRI,Albany Molecular Research Inc. 
TREC,Trecora Resources 
UBA,Urstadt Biddle Properties Inc. Cl A 
UMH,UMH Properties Inc 
TAT,TransAtlantic Petroleum Ltd. 
BEN,Franklin Resources Inc. 
UHT,Universal Health Rlty. Inc. Tr 
WSR,Whitestone REIT 
WIX,Wix.com Ltd. 
ZOES,Zoe's Kitchen Inc 
IGT,International Game Technology PLC 
GHC,Graham Holdings Co. 
AES,AES Corp. 
AFL,American Family Life Assurance Co. of Columbus 
AAON,AAON Inc. 
AIZ,Assurant Inc. 
ATLO,Ames National Corp. 
AME,AMETEK Inc. 
AIN,Albany International Corp 
ALL,Allstate Corp. 
AWR,American States Water Co. 
AXAS,Abraxas Petroleum Corporation 
AON,Aon Plc 
BA,The Boeing Co. 
DOX,Amdocs Ltd. 
BZH,Beazer Homes USA Inc. 
SRCE,1st Source Corp. 
ACAD,ACADIA Pharmaceuticals Inc. 
CB,Chubb Corp 
ACHC,Acadia Healthcare Company Inc. 
CELG,Celgene Corp. 
ABM,ABM Industries Inc. 
ANAT,American National Insurance Co. 
CERN,Cerner Corporation 
ACCO,ACCO Brands 
ACIW,ACI Worldwide Inc 
ACET,Aceto Corp 
ACHN,Achillion Pharmaceuticals Inc. 
BLDR,Builders FirstSource Inc. 
AAP,Advance Auto Parts Inc 
COP,ConocoPhillips 
AEIS,Advanced Energy Industries Inc. 
AEGR,Aegerion Pharmaceuticals Inc. 
AEGN,Aegion Corp 
CSX,CSX Corp 
AYR,Aircastle Ltd. 
LNT,Alliant Energy Corp. 
AIQ,Alliance HealthCare Services Inc. 
DE,Deere & Co. 
AWH,Allied World Assurance Company Holdings AG 
AIMC,Altra Industrial Motion Corp 
AMBC,Ambac Financial Group Inc. 
DHI,Horton 
DGX,Quest Diagnostics Inc. 
DRI,Darden Restaurants Inc. 
ALSN,Allison Transmission Holdings Inc 
MDRX,Allscripts Healthcare Solutions Inc. 
EQT,EQT Corp. 
ES,Eversource Energy 
APEI,American Public Education Inc. 
AXL,American Axle & Manufacturing Holdings Inc. 
AMED,Amedisys Inc 
AMSWA,American Software Inc 
AMKR,Amkor Technology Inc. 
AMPE,Ampio Pharmaceuticals Inc 
CFNL,Cardinal Financial Corp 
ATRS,Antares Pharma Inc. 
ETR,Entergy Corp. 
AMCC,Applied Micro Circuits Corporation 
AREX,Approach Resources Inc. 
EXC,Exelon Corp. 
FAST,Fastenal Co. 
EOG,EOG Resources Inc. 
ACGL,Arch Capital Group Ltd. 
GE,General Electric Co 
AGII,Argo Group International Holdings Ltd 
HAL,Halliburton Company 
ARRY,Array BioPharma Inc. 
IBM,International Business Machines Corp 
APAM,Artisan Partners Asset Management Inc 
ABG,Asbury Automotive Group Inc. 
IFF,Int'l. Flavors & Fragrances 
ATRO,Astronics Corp. 
AF,Astoria Financial Corp. 
ATRC,AtriCure Inc. 
HST,Host Hotels & Resorts Inc 
ATNI,Atlantic Tele-Network Inc. 
AVT,Avnet Inc 
AVX,AVX Corp. 
BYD,Boyd Gaming Corp. 
BWINB,Baldwin & Lyons Inc. 
IPG,Interpublic Group of Companies Inc. 
BXS,BancorpSouth Inc. 
TBBK,The Bancorp Inc 
CBM,Cambrex Corp. 
BKMU,Bank Mutual Corp 
IRM,Iron Mountain 
IR,Ingersoll-Rand Plc 
KMI,Kinder Morgan Inc. 
JEC,Jacobs Engineering Group Inc. 
IVZ,Invesco Ltd 
BLX,Banco Latinoamericano de Comercio Exterior S.A. 
RATE,Bankrate 
BMRC,Bank of Marin Bancorp 
OZRK,Bank of the Ozarks Inc. 
BSET,Bassett Furniture Industries Inc 
BBSI,Barrett Business Services Inc. 
BNCL,Beneficial Mutual Bancorp Inc 
BDSI,BioDelivery Sciences International Inc. 
BERY,Berry Plastics Group 
BIOS,BioScrip Inc. 
BTX,BioTime Inc 
BKH,Black Hills Corp. 
CECO,Career Education Corporation 
BOBE,Bob Evans Farms Inc. 
WIFI,Boingo Wireless Inc. 
BONT,Bon-Ton Stores Inc 
EAT,Brinker International Inc. 
BBRG,Bravo Brio Restaurant Group Inc. 
CVGW,Calavo Growers Inc. 
BSFT,BroadSoft Inc. 
BWLD,Buffalo Wild Wings Inc. 
CAB,Cabelas Inc. 
CACI,Caci International Inc. Cl A 
CPE,Callon Petroleum 
ELY,Callaway Golf Co. 
CAC,Camden National Corp. 
CSL,Carlisle Cos. Inc. 
CWT,California Water Service Group 
CSU,Capital Senior Living 
CACB,Cascade Bancorp 
TAST,Carrols Restaurant Group Inc. 
CGI,Celadon Group Inc. 
CEVA,CEVA Inc. 
CBI,Chicago Bridge & Iron Co. N.V. 
CHE,Chemed Corp 
CHDN,Churchill Downs Inc. 
CBR,Ciber Inc. 
CHD,Church & Dwight Co. Inc. 
CLC,Clarcor Inc. 
CHCO,City Holding Co. 
CLH,Clean Harbors Inc. 
CCNE,CNB Financial Corp. 
CIE,Cobalt International Energy 
CNS,Cohen & Steers Inc 
COHU,Cohu Inc. 
CMCO,Columbus McKinnon Corp. 
CBSH,Commerce Bancshares Inc. 
FIX,Comfort Systems USA Inc. 
CMC,Commercial Metals Co. 
CTBI,Community Trust Bancorp Inc. 
CMTL,Comtech Telecommunications Corp. 
CXO,Concho Resources 
CONN,Conn's Inc. 
CNMD,Conmed Corp. 
CTWS,Connecticut Water Service Inc. 
CWCO,Consolidated Water Co Ltd 
CVG,Convergys Corp. 
CLGX,CoreLogic 
CORE,Core Mark Holding Co Inc 
CVA,Covanta Holding Corp 
BREW,Craft Brew Alliance Inc 
COWN,Cowen Group Inc. 
CCK,Crown Holdings 
CSGS,CSG Systems International Inc. 
CMLS,Cumulus Media Inc. 
CRY,CryoLife Inc. 
CYNO,Cynosure Inc. 
CYTK,Cytokinetics Inc 
DTLK,Datalink Corporation 
CYTX,Cytori Therapeutics Inc 
DAN,Dana Holding Corp 
DXLG,Destination XL Group Inc. 
RRD,Donnelley 
UFS,Domtar Corp 
EVER,EverBank Financial Corp 
DSPG,DSP Group Inc. 
FCSC,Fibrocell Science Inc 
EWBC,East West Bancorp Inc 
EV,Eaton Vance Corp 
EFII,Electronics for Imaging Inc. 
PERY,Perry Ellis International Inc. 
EHTH,eHealth Inc. 
ELLI,Ellie Mae 
ENTA,Enanta Pharmaceuticals Inc. 
ENDP,Endo International plc 
ERII,Energy Recovery Inc. 
EGL,Engility Holdings Inc. 
EBTC,Enterprise Bancorp Inc. 
ESL,Esterline Technologies Corp. 
EAC,Erickson Air-Crane Inc 
EXAS,Exact Sciences Corporation 
EXLS,ExlService Holdings Inc. 
EXEL,Exelixis Inc. 
EXPO,Exponent Inc. 
EXTR,Extreme Networks Inc. 
FDS,FactSet Research Systems Inc. 
FARO,FARO Technologies Inc. 
FARM,Farmer Brothers Company 
FDML,Federal-Mogul Holdings Corp 
FNGN,Financial Engines Inc 
FBP,First Bancorp 
FCFS,First Cash Financial Services Inc. 
AMTD,TD Ameritrade Holding Corp 
FCF,First Commonwealth Financial Corp. 
FDEF,First Defiance Financial Corp. 
THFF,First Financial Corp. 
FIBK,First Interstate BancSystem Inc. 
JNPR,Juniper Networks Inc 
M,Macys Inc. 
WLTW,WLTW 
BANC,Banc of California Inc 
KEY,KeyCorp 
HRS,Harris Corp. 
FMBI,First Midwest Bancorp Inc. 
SVVC,Firsthand Technology Value Fund Inc 
JWN,Nordstrom Inc. 
K,Kellogg Co 
L,Loews Corp. 
FLXS,Flexsteel Industries Inc. 
LOW,Lowes Cos. 
FBHS,Fortune Brands Home & Security Inc. 
MRO,Marathon Oil Corp. 
NEM,Newmont Mining Corp. 
FRAN,Francesca's Holdings Corporation 
FNB,F.N.B. Corp. 
FELE,Franklin Electric Co. Inc. 
NOC,Northrop Grumman Corp 
OXY,Occidental Petroleum Corp 
NPO,EnPro Industries Inc 
GK,G & K Services Inc. 
OI,Owens-Illinois Inc. 
GALE,Galena Biopharma Inc. 
GMO,General Moly 
GNTX,Gentex Corp. 
G,Genpact 
GHDX,Genomic Health Inc. 
PG,Procter & Gamble Co. 
PNC,PNC Financial Services Group 
GEOS,Geospace Technologies Corporation 
GERN,Geron Corp. 
CLUB,Town Sports International Holdings Inc 
GCO,Genesco Inc. 
GLT,PH Glatfelter Co 
GBL,GAMCO Investors Inc 
GST,Gastar Exploration 
GLDD,Great Lakes Dredge & Dock Corporation 
GNC,GNC Holdings Inc 
GORO,Gold Resource Corp 
GVA,Granite Construction Inc. 
GTN,Gray Television Inc. 
GDOT,Green Dot 
GXP,Great Plains Energy Inc. 
GSBC,Great Southern Bancorp Inc. 
GSVC,GSV Capital Corp 
GES,GUESS ? Inc. 
GUID,Guidance Software Inc. 
HK,Halcon Resources Corp 
HNRG,Hallador Energy Co 
HALL,Hallmark Financial Services Inc. 
GLF,Gulfmark Offshore Inc. 
HE,Hawaiian Electric Industries Inc. 
THG,Hanover Insurance Group Inc 
HIIQ,Health Insurance Innovations Inc. 
HSTM,HealthStream Inc. 
HCSG,Healthcare Services Group Inc. 
HEI,Heico Corp. 
HLX,Helix Energy Solutions Group 
MLHR,Herman Miller Inc 
HRC,Hill-Rom Holdings In. 
HIFS,Hingham Institution for Savings 
HFC,HollyFrontier Corp. 
HHS,Harte-Hanks Inc 
HOMB,Home BancShares Inc 
HOME,"Home Federal Bancorp, Inc. "
HMST,HomeStreet Inc 
HOV,Hovnanian Enterprises Inc. Cl A 
HUN,Huntsman Corp 
HII,Huntington Ingalls Industries Inc. 
ICFI,ICF International Inc. 
IBKC,IBERIABANK Corp 
IDA,Idacorp Inc. 
SAAS,inContact Inc. 
IHC,Independence Holding Co. 
IMGN,ImmunoGen Inc. 
IBTX,Independent Bank Group Inc. 
IPHI,Inphi 
ITG,Investment Technology Group Inc. 
SNAK,Inventure Foods Inc. 
KOS,Kosmos Energy 
KVHI,KVH Industries Inc. 
IRDM,Iridium Communications Inc 
LCNB,LCNB Corp 
LXRX,Lexicon Pharmaceuticals Inc. 
LEA,Lear Corp. 
LBTYA,Liberty Global plc 
IART,Integra LifeSciences Holdings Corp 
NSIT,Insight Enterprises Inc. 
LCUT,Lifetime Brands Inc 
MSA,MSA Safety Inc 
LFVN,Lifevantage Corp 
LWAY,Lifeway Foods Inc. 
LMNR,Limoneira Co. 
LFUS,Littelfuse Inc. 
NETE,Net Element Inc. 
LXU,LSB Industries Inc. 
LYV,Live Nation Entertainment 
LORL,Loral Space and Communications Inc. 
LDL,Lydall Inc. 
MCS,Marcus Corp. 
MN,Manning & Napier Inc. 
MANT,ManTech International Corp 
MRTN,Marten Transport Ltd. 
MASI,Masimo Corporation 
MATW,Matthews International Corp 
MEG,Media General Inc. Cl A 
MDCO,Medicines Company 
MDSO,Medidata Solutions Inc. 
MMSI,Merit Medical Systems Inc. 
MLNK,ModusLink Global Solutions Inc. 
MCRI,Monarch Casino & Resort Inc. 
TYPE,Monotype Imaging Holdings Inc 
MNRO,Monro Muffler Brake Inc. 
MWA,Mueller Water Products 
NC,NACCO Industries Inc. Cl A 
MOV,Movado Group Inc. 
NKSH,National Bankshares Inc. 
MRC,MRC Global 
NATL,National Interstate Corp 
NCI,Navigant Consulting Inc. 
MLI,Mueller Industries Inc. 
NBTB,NBT Bancorp Inc. 
NEO,NeoGenomics Inc. 
NCS,NCI Building Systems Inc. 
IQNT,Inteliquent Inc 
NWY,New York & Co. Inc 
NLNK,NewLink Genetics Corporation 
NR,Newpark Resources Inc. 
NDSN,Nordson Corp. 
NIHD,NII Holdings Inc. 
NRIM,Northrim BancCorp Inc 
NXST,Nexstar Broadcasting Group Inc 
FPO,First Potomac Realty Trust 
REGN,Regeneron Pharmaceuticals Inc. 
WMT,Wal-Mart Stores 
NUTR,Nutraceutical International Corporation 
OPY,Oppenheimer Holdings Inc 
NUAN,Nuance Communications Inc. 
PKOH,Park-Ohio Holdings Corp. 
OCFC,OceanFirst Financial Corp 
OFLX,Omega Flex Inc 
OPK,Opko Health 
ORA,Ormat Technologies Inc 
PACB,Pacific Biosciences of California Inc. 
SCG,SCANA Corp 
OTTR,Otter Tail Corp. 
STX,Seagate Technology 
PPBI,Pacific Premier Bancorp Inc 
P,Pandora Media 
UNP,Union Pacific Corp 
OXM,Oxford Industries Inc. 
MYL,Mylan NV 
PRKR,ParkerVision Inc. 
PDCE,PDC Energy Inc. 
PDLI,PDL BioPharma Inc 
PEGA,Pegasystems Inc. 
PAG,Penske Automotive Group Inc 
PMC,PharMerica 
PGTI,PGT Inc. 
PF,Pinnacle Foods Inc. 
PLPM,Planet Payment Inc. 
PNFP,Pinnacle Financial Partners Inc. 
PLPC,Preformed Line Products Co. 
PBH,Prestige Brands Holdings Inc. 
PRA,ProAssurance Corp. 
PSEC,Prospect Capital Corporation 
PSMT,PriceSmart Inc 
PRTA,Prothena Corporation plc 
PRIM,Primoris Services Corp 
PFS,Provident Financial Services Inc 
UTX,United Technologies Corp. 
QLYS,Qualys Inc. 
NX,Quanex Building Products Corp 
QNST,QuinStreet Inc. 
RJF,Raymond James Financial Inc. 
WAT,Waters Corp. 
RNWK,RealNetworks Inc. 
RDI,Reading International Inc 
RM,Regional Management Corp 
RGC,Regal Entertainment Group 
REIS,Reis Inc 
VMC,Vulcan Materials Co 
REGI,Renewable Energy Group Inc. 
RMD,ResMed Inc. 
WRK,WestRock Co 
REV,Revlon Inc. Cl A 
RPRX,Repros Therapeutics Inc. 
XYL,Xylem Inc. 
RRTS,Roadrunner Transportation Systems 
RSTI,Rofin-Sinar Technologies Inc. 
STBA,S&T Bancorp Inc 
ZION,Zions Bancorporation 
RPXC,RPX Corporation 
RBCN,Rubicon Technology Inc. 
ICE,Intercontinental Exchange Inc. 
SGA,Saga Communications Inc. Cl A 
SAFT,Safety Insurance Group Inc. 
SBH,Sally Beauty 
RMTI,Rockwell Medical Inc. 
SAFM,Sanderson Farms Inc. 
SCSC,ScanSource Inc. 
RGLD,Royal Gold Inc. 
RTIX,RTI Biologics Inc 
SWM,Schweitzer-Mauduit International Inc. 
CKH,SEACOR Holdings Inc. 
SHLD,Sears Holdings Corp 
SEIC,SEI Investments Co. 
STMP,Stamps.com Inc. 
SGMS,Scientific Games Corp 
SIGI,Selective Insurance Group Inc 
SXT,Sensient Technologies Corp. 
SMTC,Semtech Corporation 
SDRL,SeaDrill Ltd. 
SFLY,Shutterfly Inc. 
SIGM,Sigma Designs Inc. 
SJW,SJW Corp. 
SIRI,Sirius XM Radio Inc. 
SKX,Skechers U S A Inc. 
SSD,Simpson Manufacturing Co. Inc. 
SLRC,Solar Capital Ltd. 
AOS,Smith 
LNCE,Snyder's-Lance Inc. 
SCTY,SolarCity Corporation 
SUNS,Solar Senior Capital Ltd 
SWX,Southwest Gas Corp. 
TRK,Speedway Motorsports Inc. 
SPR,Spirit AeroSystems Holdings Inc. Cl A 
S,Sprint Corporation 
STAA,STAAR Surgical Company 
SCM,Stellus Capital Investment Corp 
SNHY,Sun Hydraulics Corp. 
SMCI,Super Micro Computer Inc. 
SGY,Stone Energy Corp. 
SYNA,Synaptics Incorporated 
SYKE,Sykes Enterprises Incorporated 
SYRG,Synergy Resources Corp 
SYX,Systemax Inc. 
TAHO,Tahoe Resources Inc. 
TECD,Tech Data Corporation 
TEAR,TearLab Corporation 
TNK,Teekay Tankers Ltd 
TISI,Team Inc. 
TFX,Teleflex Inc. 
TECH,Bio-Techne Corp 
TTEC,TeleTech Holdings Inc. 
TESO,Tesco Corp. 
TESS,Tessco Technologies Inc. 
TBNK,Territorial Bancorp Inc 
TEX,Terex Corp. 
TTEK,Tetra Tech Inc. 
TFSL,TFS Financial Corp 
TXRH,Texas Roadhouse Inc 
TSRA,Tessera Technologies Inc 
TGTX,TG Therapeutics Inc. 
THO,Thor Industries Inc. 
THLD,Threshold Pharmaceuticals Inc. 
TDW,Tidewater Inc. 
TITN,Titan Machinery Inc. 
TDY,Teledyne Technologies Inc. 
TTC,Toro Co. 
TWER,Towerstream Corporation 
TIVO,TiVo Inc. 
TOWR,Tower International Inc 
SLCA,U S Silica Holdings Inc. 
TG,Tredegar Corp. 
TPLM,Triangle Petroleum 
GTS,Triple-S Management Corp. Cl B 
TBI,TrueBlue 
TREE,LendingTree Inc 
USCR,U.S. Concrete Inc. 
ULTA,Ulta Salon Cosmetics & Fragrance Inc. 
UCTT,Ultra Clean Holdings Inc. 
UTEK,Ultratech Inc. 
UNF,UniFirst Corp. 
UCBI,United Community Banks Inc. 
UAL,United Continental Holdings 
URI,United Rentals Inc. 
UBSH,Union Bankshares Corp 
UTL,UNITIL Corp 
OLED,Universal Display Corporation 
UHS,Universal Health Services Inc. 
UTI,Universal Technical Institute Inc. 
UTMD,Utah Medical Products Inc. 
EGY,Vaalco Energy Inc. 
VSTM,Verastem Inc. 
VRNT,Verint Systems Inc. 
VRSK,Verisk Analytics Inc 
VLGEA,Village Super Market Inc. 
WAB,Westinghouse Air Brake Technologies Corp. 
WMK,Weis Markets Inc. 
WERN,Werner Enterprises Inc. 
WLB,Westmoreland Coal Company 
WEX,WEX 
WHF,WhiteHorse Finance Inc. 
CWEI,CLAYTON WILLIAMS E## 
WTFC,Wintrust Financial Corp. 
XOXO,XO Group 
XPO,XPO Logistics 
Z,Zillow Group Inc. - Class C 
ZGNX,Zogenix Inc. 
LDOS,Leidos Holdings Inc 
YELP,Yelp 
ZAGG,ZAGG Inc 
ARE,Alexandria Real Estate Equities Inc. 
NLY,Annaly Capital Management Inc 
CWH,CommonWealth REIT 
BDN,Brandywine Realty Trust 
HTA,Healthcare Trust Of America Inc 
UDR,UDR Inc 
SAIC,Science Applications International Corp 
KAR,Kar Auction Services Inc. 
EXR,Extra Space Storage Inc. 
PDM,Piedmont Office Realty Trust Inc 
AKAO,Achaogen Inc 
AGEN,Agenus Inc. 
MITT,AG Mortgage Investment Trust Inc 
BF_B,Brown-Forman Corp. 
AKBA,Akebia Therapeutics Inc  
ALDR,Alder Biopharmaceuticals Inc 
AGIO,Agios Pharmaceuticals Inc 
ARI,Apollo Commercial Real Estate Finance Inc. 
AAOI,Applied Optoelectronics Inc 
ARCW,ARC Group Worldwide Inc 
AHH,Armada Hoffler Properties Inc 
BNFT,Benefitfocus Inc 
BEAT,CardioNet Inc. 
BSTC,BioSpecifics Technologies Corp. 
AHP,Ashford Hospitality Prime Inc 
BURL,Burlington Stores 
CMO,Capstead Mortgage Corp. 
CACQ,Caesars Acquisition Co. 
CLDT,Chatham Lodging Trust 
CHSP,Chesapeake Lodging Trust 
CVEO,Civeo Corp 
MYCC,ClubCorp Holdings Inc 
CUZ,Cousins Properties Inc. 
CVT,Cvent 
CYS,CYS Investments 
DXYN,Dixie Group Inc. 
IBCP,Independent Bank Corporation 
EBIO,Eleven Biotherapeutics Inc 
EIGI,Endurance International Group Holdings Inc. 
ESCA,Escalade Inc. 
EVDY,Everyday Health Inc. 
ESNT,Essent Group Inc 
FCH,FelCor Lodging Trust Inc. 
RWT,Redwood Trust Inc. 
GALT,Galectin Therapeutics Inc. 
GNCA,Genocea Biosciences Inc 
GTT,GTT Communications Inc 
FNHC,Federated National Holding Company 
HRTG,Heritage Insurance Holdings Inc 
HIL,Hill International 
IDRA,Idera Pharmaceuticals Inc. 
INO,Inovio Pharmaceuticals Inc. 
IBP,Installed Building Products Inc 
IVAC,Intevac Inc. 
GTY,Getty Realty Corp. 
JJSF,J&J Snack Foods Corp. 
TAX,Liberty Tax Inc 
YUME,Yume Inc 
JBT,John Bean Technologies Corp 
KIN,Kindred Biosciences Inc 
KNX,Knight Transportation Inc. 
KOPN,Kopin Corporation 
KIRK,Kirkland's Inc 
LXP,Lexington Corporate Properties Trust 
KFRC,Kforce Inc. 
NM,Navios Maritime Holdings Inc 
NWHM,New Home Company Inc 
NNA,Navios Maritime Acquisition Corp 
PBPB,Potbelly Corp 
NWBO,Northwest Biotherapeutics Inc. 
PLUG,Plug Power Inc. 
OPHT,Ophthotech Corp 
NADL,North Atlantic Drilling Ltd 
OXFD,Oxford Immunotec Global Plc 
PKY,Parkway Properties Inc. 
PAYC,Paycom Software Inc 
DOC,Physicians Realty Trust 
QUIK,QuickLogic Corporation 
RDNT,RadNet Inc. 
RAS,RAIT Financial Trust 
RSO,Resource Capital Corp 
REXR,Rexford Industrial Realty Inc 
RHP,Ryman Hospitality Properties Inc 
SB,Safe Bulkers 
SBY,Silver Bay Realty Trust Corp 
TNDM,Tandem Diabetes Care Inc 
HNR,Harvest Natural Resources Inc. 
ACE,ACE Ltd 
HTWR,Heartware International Inc 
AMTG,Apollo Residential Mortgage Inc. 
IACI,IAC/InterActiveCorp 
PCP,Precision Castparts 
RENT,Rentrak Corp. 
QLGC,QLogic Corporation 
PCG,PG&E Corp. 
SZMK,Sizmek Inc 
COH,Coach Inc. 
AMZN,Amazon.com Inc. 
CSH,Cash America International Inc. 
RDEN,Elizabeth Arden Inc. 
PCCC,PC Connection Inc. 
ROVI,Rovi Corporation 
DRII,Diamond Resorts International 
ESI,ITT Educational Services Inc. 
RLYP,Relypsa Inc 
HPE,Hewlett Packard Enterprise Co 
WBA,Walgreens Boots Alliance Inc 
TAXI,Medallion Financial Corp. 
GMCR,Keurig Green Mountain Inc 
CNX,CONSOL Energy Inc 
ESV,Ensco plc 
POM,Pepco Holdings Inc. 
FTV,Untitled Dataset 2016-07-06 21:49:01
CPGX,CPGX 
EPIQ,EPIQ Systems Inc 
FSTR,Foster 
ANCX,Access National Corp 
EGHT,8x8 Inc 
ANSS,ANSYS Inc. 
FRED,Fred's Inc. 
ARII,American Railcar Industries Inc 
MTW,Manitowoc Co. Inc. 
AHL,Aspen Insurance Holdings Ltd 
ARRS,ARRIS Group Inc. 
BCEI,Bonanza Creek Energy 
BBX,BBX Capital Corp 
BGCP,BGC Partners Inc. 
BLKB,Blackbaud Inc. 
BNCN,BNC Bancorp 
CHMG,Chemung Financial Corp. 
CCO,Clear Channel Outdoor Holdings Inc 
BAH,Booz Allen Hamilton Holding Corp. 
CCBG,Capital City Bank Group Inc. 
CFI,Culp Inc. 
DEL,Deltic Timber Corp. 
CSV,Carriage Services Inc. 
CASY,Casey's General Stores Inc. 
CAKE,Cheesecake Factory Inc. 
RYN,Rayonier Inc. 
CBZ,CBIZ 
CNA,CNA Financial Corp. 
CSS,CSS Industries Inc. 
CTO,Consolidated-Tomoka Land Co. 
CYH,Community Health Systems Inc. 
EGAN,eGain Corporation 
CST,CST Brands Inc 
RMBS,Rambus Inc. 
DLX,Deluxe Corp. 
DENN,Denny's Corporation 
GMAN,Gordmans Stores Inc 
KTOS,Kratos Defense & Security Solutions Inc. 
DYN,Dynegy Inc 
EQIX,Equinix Inc 
EFSC,Enterprise Financial Services Corp 
EVR,Evercore Partners Inc 
FHCO,Female Health Co. 
AMNB,American National Bankshares Inc. 
FRP,FairPoint Communications Inc. 
FBNC,First Bancorp 
CBT,Cabot Corp. 
AVID,Avid Technology Inc. 
BKS,Barnes & Noble Inc 
BV,Bazaarvoice Inc. 
WRB,Berkley 
BGG,Briggs & Stratton Corp. 
BCOR,Blucora Inc. 
CKEC,Carmike Cinemas Inc. 
CPRT,Copart Inc. 
CEMP,Cempra Inc. 
EPAY,Bottomline Technologies Inc. 
BDGE,Bridge Bancorp Inc. 
BRS,Bristow Group Inc 
BR,Broadridge Financial Solutions Inc 
CLMS,Calamos Asset Management Inc 
CDNS,Cadence Design Systems Inc. 
CAMP,CalAmp Corp. 
CBF,Capital Bank Financial Corp 
NOW,ServiceNow 
ARAY,Accuray Incorporated 
AE,Adams Resources & Energy Inc. 
AAN,Aaron's Inc. 
AMG,Affiliated Managers Group Inc. 
AMCX,AMC Networks Inc. 
CNC,Centene Corp 
ACTG,Acacia Research Corp. 
AXDX,Accelerate Diagnostics Inc 
ACXM,Acxiom Corporation 
AMD,Advanced Micro Devices Inc. 
AL,Air Lease Corp 
AIRM,Air Methods Corporation 
ALG,Alamo Group Inc. 
ALB,Albemarle Corp. 
PCAR,PACCAR Inc 
DCI,Donaldson Co. Inc. 
DTSI,DTS Inc. 
RESI,Altisource Residential Corp 
PSX,Phillips 66 
ARIA,ARIAD Pharmaceuticals Inc. 
CSWC,Capital Southwest Corp. 
AT,Atlantic Power Corp 
ACW,Accuride Corp. 
AMSC,American Superconductor Corp. 
ASCMA,Ascent Capital Group Inc. Series A 
BC,Brunswick Corp. 
CPST,Capstone Turbine Corp. 
CRS,Carpenter Tech. Corp. 
CHMT,Chemtura Corp 
CIFC,CIFC Corp 
CPK,Chesapeake Utilities Corp. 
BOOM,Dynamic Materials Corp. 
CLR,Continental Resources Inc. 
CPA,Copa Holdings S.A. Cl A 
CR,Crane Co. 
DW,Drew Industries Inc. 
DMD,Demand Media Inc 
DIN,DineEquity Inc 
RAIL,FreightCar America Inc 
EPAM,Epam Systems 
RE,Everest Re Group Ltd 
FFIN,First Financial Bankshares Inc. 
FHN,First Horizon National Corp 
FWRD,Forward Air Corp 
FNLC,First Bancorp Inc 
JKHY,Jack Henry & Associates Inc. 
HSNI,HSN Inc 
GNE,Genie Energy Ltd. 
HL,Hecla Mining Co. 
GMED,Globus Medical 
GLUU,Glu Mobile Inc. 
GPK,Graphic Packaging Holding Co 
BRSS,Global Brass & Copper Holdings Inc 
GRC,Gorman-Rupp Co. 
GRA,W. R. Grace & Co. 
GLNG,Golar LNG Ltd 
HMN,Horace Mann Educators Corp. 
GTXI,GTx Inc 
HBCP,Home Bancorp Inc 
MKL,Markel Corp. 
HRG,HRG Group Inc 
HTLD,Heartland Express Inc. 
HTH,Hilltop Holdings 
IIVI,II-VI Incorporated 
VRA,Vera Bradley Inc. 
NSP,Insperity Inc 
TILE,Interface Inc. 
ISCA,International Speedway Corp 
LXK,Lexmark International Inc. 
MHLD,Maiden Holdings Ltd 
LPI,Laredo Petroleum Holdings Inc 
MAIN,Main Street Capital Corp 
MXL,MaxLinear 
OIS,Oil States International Inc. 
PCTI,PC-Tel Inc 
ROLL,RBC Bearings Inc 
MDP,Meredith Corp 
RGEN,Repligen Corporation 
NAT,Nordic American Tankers Ltd 
MMS,MAXIMUS Inc. 
MYRG,MYR Group Inc. 
MCC,Medley Capital Corp 
NWN,Northwest Natural Gas Co. 
NBIX,Neurocrine Biosciences Inc. 
NTRI,NutriSystem Inc 
OME,Omega Protein Corp. 
NATH,Nathan's Famous Inc. 
NATI,National Instruments Corp. 
ORI,Old Republic International Corp. 
NAVG,Navigators Group Inc. 
NOG,Northern Oil And Gas 
ODP,Office Depot Inc. 
NUVA,NuVasive Inc. 
PPC,Pilgrims Pride Corp. 
PNRA,Panera Bread Company 
ORBC,ORBCOMM Inc. 
PFLT,PennantPark Floating Rate Capital Ltd. 
PRXL,PAREXEL International Corporation 
PSTB,Park Sterling Corp 
PANW,Palo Alto Networks 
PKD,Parker Drilling Co. 
PENN,Penn National Gaming Inc. 
PTX,Pernix Therapeutics Holdings Inc. 
PFSI,PennyMac Financial Services 
PES,Pioneer Energy Services 
RDN,Radian Group Inc. 
PSIX,Power Solutions International Inc. 
PLT,Plantronics Inc. 
PII,Polaris Industries Inc. 
PTLA,Portola Pharmaceuticals Inc. 
RP,RealPage Inc. 
RLGY,Realogy Holdings 
PRGS,Progress Software Corporation 
PBYI,Puma Biotechnology Inc 
QUAD,Quad/Graphics Inc. 
QSII,Quality Systems Inc. 
REN,Resolute Energy Corp. 
RTK,Rentech Inc. 
STNG,Scorpio Tankers Inc. 
SGEN,Seattle Genetics Inc. 
RNR,RenaissanceRe Holdings Ltd. 
SAIA,Saia Inc. 
BSRR,Sierra Bancorp 
SASR,Sandy Spring Bancorp Inc 
SHOS,Sears Hometown and Outlet Stores Inc. 
HSIC,Henry Schein Inc. 
SEAS,SeaWorld Entertainment Inc. 
SWHC,Smith & Wesson Holding Corp 
SBSI,Southside Bancshares Inc. 
SPAR,Spartan Motors Inc. 
STRL,Sterling Construction Company Inc 
SMP,Standard Motor Products 
STBZ,State Bank Financial Corp 
SNPS,Synopsys Inc. 
DFT,DuPont Fabros Technology Inc 
SNX,Synnex Corp 
TNGO,Tangoe Inc. 
TMHC,Taylor Morrison Home Corp 
TEN,Tenneco 
TRN,Trinity Industries Inc. 
TTI,TETRA Technologies 
TTS,Tile Shop Hldgs Inc. 
TICC,TICC Capital Corp 
TMP,Tompkins Financial Corp 
TR,Tootsie Roll Industries Inc 
UBNT,Ubiquiti Networks Inc 
TDG,TransDigm 
TRS,TriMas Corp 
TWMC,Trans World Entertainment Corp. 
TGI,Triumph Group Inc. 
TCAP,Triangle Capital Corp 
TRMK,Trustmark Corp. 
USG,USG Corp. 
TWIN,Twin Disc Inc. 
UFPT,UFP Technologies Inc. 
ULTI,Ultimate Software Group Inc. 
ASPS,Altisource Portfolio Solutions S.A. 
VSH,Vishay Intertechnology Inc. 
YDKN,Yadkin Financial Corp 
UNT,Unit Corp. 
UVSP,Univest Corp. of Pennsylvania 
VCRA,Vocera Communications Inc 
WRI,Weingarten Realty Investors 
UAM,Universal American Corp 
UBSI,United Bankshares Inc. 
VICR,Vicor Corporation 
UEC,Uranium Energy Corp 
LYTS,LSI Industries Inc. 
WCN,Waste Connections Inc. 
WD,Walker & Dunlop 
VRTS,Virtus Investment Partners Inc 
WNC,Wabash National Corp. 
XOMA,XOMA Corporation 
LAZ,Lazard Ltd 
XLRN,Acceleron Pharma Inc. 
CYTR,CytRx Corporation 
EQY,Equity One Inc. 
JNS,Janus Capital Group Inc 
WETF,WisdomTree Investments Inc. 
JBLU,JetBlue Airways Corporation 
ITRI,Itron Inc. 
TWOU,2U Inc 
AMBR,Amber Road Inc 
HIVE,Aerohive Networks Inc 
CDR,Cedar Realty Trust Inc. 
AMC,AMC Entertainment Holdings Inc. 
CTRL,Control4 Corp 
PETX,Aratana Therapeutics Inc. 
COVS,Covisint Corp 
AFH,Atlas Financial Holdings Inc. 
CTG,Computer Task Group Inc. 
HMHC,Houghton Mifflin Harcourt Company 
NMBL,Nimble Storage Inc 
CUBE,CubeSmart 
CUI,CUI Global Inc. 
ENZ,Enzo Biochem Inc. 
GOV,Government Properties Income Trust 
HRTX,Heron Therapeutics Inc 
KW,Kennedy-Wilson Holdings Inc 
HT,Hersha Hospitality Trust 
LHO,LaSalle Hotel Properties 
JMBA,Jamba Inc. 
RELL,Richardson Electronics Ltd 
KNL,Knoll Inc 
LGIH,LGI Homes Inc. 
MMI,Marcus & Millichap Inc 
MBUU,Malibu Boats Inc 
ROIAK,Radio One Inc. 
VTNR,Vertex Energy Inc 
PEIX,Pacific Ethanol Inc. 
NDLS,Noodles & Company 
X,United States Steel Corp. 
OHRP,Ohr Pharmaceutical Inc. 
REI,Ring Energy Inc 
SBRA,Sabra Health Care REIT Inc 
FRSH,Papa Murphy's Holdings Inc 
SPWH,Sportsman's Warehouse Holdings Inc. 
AMGN,Amgen Inc 
RSPP,RSP Permian Inc. 
DAL,Delta Air Lines Inc. 
AIV,Apartment Investment & Management Co. 
C,Citigroup Inc 
RVNC,Revance Therapeutics Inc 
SIF,SIFCO Industries Inc. 
RLJ,RLJ Lodging Trust Com 
SAMG,Silvercrest Asset Management Group Inc 
BSX,Boston Scientific Corp. 
FOX,21st  Century Fox Inc 
SUN,Sunoco LP Com Unit Repstg Ltd Partnership Int 
UIHC,United Insurance Holdings Corp 
TRXC,TransEnterix Inc 
BK,Bank of New York Mellon Corp 
APD,Air Products & Chemicals Inc. 
BAX,Baxter International Inc. 
ADP,Automatic Data Processing Inc. 
PAYX,Paychex Inc 
TWX,Time Warner Inc 
ED,Consolidated Edison Inc. 
ABT,Abbott Laboratories 
CAT,Caterpillar Inc. 
BLL,Ball Corp 
BWA,BorgWarner Inc. 
CMA,Comerica Inc. 
CHK,Chesapeake Energy Corp. 
CI,Cigna Corp 
IP,International Paper Co 
ECL,Ecolab Inc. 
DOW,Dow Chemical Co. 
EBAY,eBay Inc. 
FMC,FMC Corp. 
FTI,FMC Technologies Inc. 
GGP,General Growth Properties Inc 
GT,Goodyear Tire & Rubber Co. 
TSO,Tesoro Corporation 
INTU,Intuit Inc 
MNST,Monster Beverage Corp 
JCI,Johnson Controls Inc 
KORS,Michael Kors Holdings 
HRL,Hormel Foods Corp. 
LUK,Leucadia National Corp. 
LM,Legg Mason Inc. 
MTB,M & T Bank Corp 
AAL,American Airlines Group Inc. 
PCLN,Priceline.com Inc. 
RSG,Republic Services Inc. 
SRCL,Stericycle Inc. 
TSS,Total System Services Inc. 
UNM,Unum Group 
LG,Laclede Group Inc 
SNDK,SanDisk Corp. 
AEO,American Eagle Outfitters Inc. 
ALIM,Alimera Sciences Inc. 
AMRC,Ameresco 
ACRX,AcelRx Pharmaceuticals Inc. 
ARW,Arrow Electronics Inc. 
AMSF,Amerisafe Inc 
ABAX,Abaxis Inc. 
ALGT,Allegiant Travel Company 
ALK,Alaska Air Group Inc. 
AEPI,AEP Industries Inc. 
ANGI,Angie's List Inc. 
AGCO,AGCO Corp. 
ATVI,Activision Blizzard Inc. 
AYI,Acuity Brands Inc 
ADES,ADA-ES Inc 
AMRS,Amyris Inc. 
BHLB,Berkshire Hills Bancorp Inc. 
Y,Alleghany Corp. 
AZZ,AZZ Inc 
ATSG,Air Transport Services Group Inc 
AGYS,Agilysys Inc. 
AMBA,Ambarella Inc. 
ALNY,Alnylam Pharmaceuticals Inc. 
ATW,Atwood Oceanics Inc. 
AOSL,Alpha and Omega Semiconductor Limited 
ASH,Ashland Inc 
AXS,AXIS Capital Holdings Ltd 
CRMT,America's Car-Mart Inc 
WTR,Aqua America Inc 
AFSI,AmTrust Financial Services Inc 
ALOG,Analogic Corp 
AAWW,Atlas Air Worldwide Holdings NEW 
ATRI,Atrion Corp. 
BOFI,BofI Holding Inc. 
CCMP,Cabot Microelectronics Corp 
ANGO,AngioDynamics Inc. 
APOL,Apollo Group Inc. 
APOG,Apogee Enterprises Inc. 
CAR,Avis Budget Group Inc 
ATO,Atmos Energy Corp. 
AZPN,Aspen Technology Inc. 
ACLS,Axcelis Technologies Inc. 
BAS,Basic Energy Services 
HAWK,Blackhawk Network Holdings Inc 
AVGO,Avago Technologies Ltd 
AVEO,AVEO Pharmaceuticals Inc. 
BOH,Bank of Hawaii Corp 
MBRG,Middleburg Financial Corp. 
BH,Biglari Holdings 
BHB,Bar Harbor Bankshares 
BANR,Banner Corp. 
BFIN,BankFinancial Corp 
BOKF,BOK Financial Corp. 
BKE,Buckle Inc. 
BDC,Belden Inc 
BIOL,Biolase Inc 
BPFH,Boston Private Financial Holdings Inc. 
BBOX,Black Box Corp. 
SAM,Boston Beer Co. Cl A 
CAS,A.M. Castle 
BRC,Brady Corp. 
CLDX,Celldex Therapeutics Inc. 
BRKR,Bruker Corporation 
CLVS,Clovis Oncology Inc. 
BRKS,Brooks Automation Inc 
CDI,CDI Corp. 
CFFI,C & F Financial Corp. 
CZR,Caesars Entertainment Corp 
CFNB,California First National Bancorp 
SCOR,comScore Inc. 
BMTC,Bryn Mawr Bank Corp. 
CVCO,Cavco Industries Inc. 
GTLS,Chart Industries Inc. 
CATO,Cato Corp. 
CGNX,Cognex Corp. 
CE,Celanese Corp 
CTIC,CTI BioPharma Corp 
CHS,Chico's FAS Inc 
CVO,Cenveo 
CRL,Charles River Laboratories International Inc. 
CETV,Central European Media Enterprises Ltd. 
CPHD,CEPHEID 
EME,EMCOR Group Inc. 
CCF,Chase Corp. 
CTB,Cooper Tire & Rubber Co. 
ECOM,ChannelAdvisor Corp 
CHUY,Chuy's Holdings Inc. 
CPSS,Consumer Portfolio Services Inc. 
CHEF,The Chefs' Warehouse Inc. 
CNK,Cinemark Holdings Inc. 
CCXI,ChemoCentryx Inc. 
CDE,Coeur Mining Inc 
CMP,Compass Minerals International Inc 
CVGI,Commercial Vehicle Group Inc. 
CVBF,CVB Financial Corp. 
CNOB,ConnectOne Bancorp Inc 
CSFL,Centerstate Banks Inc. 
CORT,Corcept Therapeutics Incorporated 
CNSL,Consolidated Communications Holdings Inc 
DHIL,Diamond Hill Investment Group Inc. 
DGAS,Delta Natural Gas Co. Inc. 
CROX,Crocs Inc. 
EPZM,Epizyme Inc. 
CRVL,CorVel Corp. 
CSOD,Cornerstone OnDemand Inc. 
DIOD,Diodes Incorporated 
ESSA,ESSA Bancorp Inc 
ERA,ERA Group Inc. 
CACC,Credit Acceptance Corp. 
CUBI,Customers Bancorp Inc 
PLOW,Douglas Dynamics 
CREE,Cree Inc. 
DORM,Dorman Products Inc. 
CVI,CVR Energy Inc 
CCRN,Cross Country Healthcare Inc. 
CFR,Cullen/Frost Bankers Inc. 
DFRG,Del Frisco's Restaurant Group Inc. 
CY,Cypress Semiconductor Corp. 
ECHO,Echo Global Logistics Inc. 
DEPO,Depomed Inc. 
FFG,FBL Financial Group Inc. 
DCOM,Dime Community Bancshares Inc 
DSW,DSW Inc 
DBD,Diebold Inc. 
DDS,Dillard's Inc. 
FANG,Diamondback Energy Inc. Commmon Stock 
DVAX,Dynavax Technologies Corp 
DLB,Dolby Laboratories Inc 
ETH,Ethan Allen Interiors Inc. 
EGBN,Eagle Bancorp Inc. 
CAVM,Cavium Inc. 
ELNK,EarthLink Holdings Corp 
SATS,EchoStar  Corporation 
EMCI,EMC Insurance Group Inc. 
ENR,Energizer Holdings Inc 
ENPH,Enphase Energy Inc. 
EVC,Entravision Communications Corp. 
ENS,Enersys 
PLUS,ePlus inc. 
FBRC,FBR & Co. 
EXPR,Express 
FN,Fabrinet 
EXAR,Exar Corp. 
ESGR,Enstar Group Limited 
HWAY,Healthways Inc. 
XONE,The ExOne Company 
AGM,Federal Agricultural Mortgage Corp 
THRM,Gentherm Inc 
FRME,First Merchants Corp. 
FL,Foot Locker Inc. 
GCAP,GAIN Capital Holdings Inc 
FFBC,First Financial Bancorp 
FCEL,FuelCell Energy Inc 
FORR,Forrester Research Inc. 
FRC,First Republic Bank 
FVE,Five Star Quality Care 
FXCM,FXCM Inc 
FLT,Fleetcor Technologies 
FFIC,Flushing Financial Corp. 
FTNT,Fortinet Inc. 
GRPN,Groupon Inc. 
FF,FutureFuel Corp. 
ROCK,Gibraltar Industries Inc. 
IT,Gartner 
GLOG,GasLog Ltd 
GSOL,Global Sources Ltd. 
GNRC,Generac Holdings 
INCY,Incyte Corp. 
GIII,G-III Apparel Group Ltd. 
HLS,HealthSouth Corp. 
GHL,Greenhill & Co Inc 
GHM,Graham Corp. 
GIFI,Gulf Island Fabrication Inc. 
HEES,H&E Equipment Services Inc 
GBX,Greenbrier Companies Inc 
HAIN,Hain Celestial Group Inc 
GPI,Group 1 Automotive Inc. 
HNH,Handy & Harman Ltd 
GPOR,Gulfport Energy Corporation 
HELE,Helen of Troy Limited 
HA,Hawaiian Holdings Inc. 
HSC,Harsco Corp. 
ICON,Iconix Brand Group Inc. 
HAYN,Haynes International Inc. 
HWCC,Houston Wire & Cable Co 
HIBB,Hibbett Sports Inc. 
HFWA,Heritage Financial Corp. 
VRTU,Virtusa Corporation 
HOFT,Hooker Furniture Corp 
IOSP,Innospec Inc 
HMSY,HMS Holdings Corp 
HMTV,Hemisphere Media Group Inc. 
IDXX,Idexx Laboratories Inc. 
ICUI,ICU Medical Inc. 
HBNC,Horizon Bancorp 
HZNP,Horizon Pharma Plc 
MBWM,Mercantile Bank Corp. 
IRG,Ignite Restaurant Group Inc. 
INSM,Insmed Inc. 
IDT,IDT Corp. 
IDTI,Integrated Device Technology Inc. 
KRO,Kronos Worldwide Inc 
IO,ION Geophysical 
INFI,Infinity Pharmaceuticals Inc. 
IM,Ingram Micro Inc. 
HY,Hyster-Yale Materials Handling Inc. 
ICPT,Intercept Pharmaceuticals Inc. 
ISSC,Innovative Solutions and Support Inc. 
IBOC,International Bancshares Corporation 
PODD,Insulet Corporation 
KRA,Kraton Performance Polymers 
LSTR,Landstar System Inc. 
INSY,Insys Therapeutics Inc 
LPNT,LifePoint Health Inc 
IDCC,Interdigital Inc 
MXIM,Maxim Integrated Products Inc. 
IBKR,Interactive Brokers Group Inc 
LOCK,LifeLock 
MYE,Myers Industries Inc. 
IPI,Intrepid Potash 
LDR,Landauer Inc. 
IMN,Imation Corp. 
LLNW,Limelight Networks Inc. 
LZB,La-Z-Boy Inc. 
LOGM,LogMeIn Inc. 
MPX,Marine Products Corp. 
LQDT,Liquidity Services Inc. 
LAMR,Lamar Advertising Co 
MCHX,Marchex Inc 
LAD,Lithia Motors Inc. 
LVS,Las Vegas Sands Corp 
LNKD,LinkedIn 
LCI,Lannett Co. Inc. 
LGF,Lions Gate Entertainment Corp. 
MSM,MSC Industrial Direct Co. Inc. 
MAN,ManpowerGroup 
LGND,Ligand Pharmaceuticals Incorporated 
MSFG,MainSource Financial Group Inc 
LINC,Lincoln Educational Services Corp 
MNKD,MannKind Corporation 
MTSI,M/A-COM Technology Solutions Holdings Inc. 
MLM,Martin Marietta Materials Inc. 
MDXG,MiMedx Group Inc 
MRIN,Marin Software Inc 
MSCI,MSCI Inc 
MRCY,Mercury Systems Inc 
MOH,Molina Healthcare Inc. 
MRVL,Marvell Technology Group Ltd. 
MXWL,Maxwell Technologies Inc. 
PKE,Park Electrochemical Corp. 
MDCA,MDC Partners Inc 
MGRC,McGrath Rent Corp. 
MODN,Model N Inc 
MVC,MVC Capital Inc 
MTOR,Meritor 
ORIT,Oritani Financial Corp 
MBVT,Merchants Bancshares Inc. 
MGEE,MGE Energy Inc 
MYGN,Myriad Genetics Inc. 
MENT,Mentor Graphics Corp 
MSL,MidSouth Bancorp Inc. 
MSCC,Microsemi Corporation 
OSUR,OraSure Technologies Inc. 
MOFG,MidWestOne Financial Group Inc. 
MPO,Midstates Petroleum Co Inc 
MLAB,Mesa Laboratories Inc. 
NL,NL Industries Inc. 
PETS,PetMed Express Inc 
LABL,Multi-Color Corp. 
NRCIA,National Research Corp 
MOSY,MoSys Inc. 
PNK,Pinnacle Entertainment Inc 
NPK,National Presto Industries Inc. 
CFFN,Capitol Federal Financial Inc 
NFG,National Fuel Gas Co. 
NHC,National Healthcare Corp. 
NNI,Nelnet Inc 
NGVC,Natural Grocers by Vitamin Cottage Inc 
NMFC,New Mountain Finance Corp 
BABY,Natus Medical Incorporated 
OMI,Owens & Minor Inc. 
PHX,Panhandle Oil & Gas Inc 
PCO,Pendrell Corporation 
NP,Neenah Paper Inc 
N,NetSuite 
NNBR,NN Inc 
NTCT,NetScout Systems Inc. 
ODC,Oil-Dri Corp. of America 
PWOD,Penns Woods Bancorp Inc. 
PRGX,PRGX Global Inc. 
NJR,New Jersey Resources Corp 
PGEM,Ply Gem Holdings 
NEWS,NewStar Financial Inc. 
NUS,NU Skin Enterprises Inc. 
OVAS,OvaScience Inc. 
NWBI,Northwest Bancshares Inc. 
NCLH,Norwegian Cruise Line Holdings Ltd. 
NWE,Northwestern Corp. 
NEU,NewMarket Corp 
NXTM,NxStage Medical Inc. 
JCP,J.C. Penney Co. Inc. 
OMER,Omeros Corporation 
LOV,Spark Networks 
SXC,SunCoke Energy Inc 
OFIX,Orthofix International N.V. 
PB,Prosperity Bancshares Inc. 
PKG,Packaging Corp of America 
PATK,Patrick Industries Inc. 
PACW,PacWest Bancorp 
PRK,Park National Corp. 
PRFT,Perficient Inc. 
PQ,PetroQuest Energy Inc. 
SALM,Salem Media Group Inc. 
PIR,Pier 1 Imports Inc 
PGNX,Progenics Pharmaceuticals Inc. 
PLXS,Plexus Corp. 
RBCAA,Republic Bancorp Inc. 
JOE,St. Joe Co. 
POST,Post Holdings 
SBCF,Seacoast Banking Corp. of Florida 
SKYW,SkyWest Inc. 
PJC,Piper Jaffray Cos. 
QADA,QAD Inc. 
PZN,Pzena Investment Management Inc 
SFE,Safeguard Scientifics Inc. 
KWR,Quaker Chemical Corp. 
RGA,Reinsurance Group of America Inc. 
QTM,Quantum Corp. 
SEAC,SeaChange International Inc. 
REX,REX American Resources 
Q,Quintiles Transnational Holdings 
RNST,Renasant Corp 
RRGB,Red Robin Gourmet Burgers Inc. 
QDEL,Quidel Corporation 
SONC,Sonic Corp. 
RXN,Rexnord 
HSII,Heidrick & Struggles International Inc. 
RVLT,Revolution Lighting Technologies Inc. 
SD,SandRidge Energy 
SN,Sanchez Energy 
RT,Ruby Tuesday Inc. 
SBAC,SBA Communications Corporation 
RPM,RPM International Inc 
SMG,Scotts Miracle-Gro Co 
BID,Sotheby's 
SHLM,Schulman 
SCLN,SciClone Pharmaceuticals Inc. 
SCCO,Southern Copper Corp 
SHLO,Shiloh Industries Inc. 
SBNY,Signature Bank 
SEMG,SemGroup Corp 
SBGI,Sinclair Broadcast Group Inc. 
SON,Sonoco Products Co. 
SIX,Six Flags Entertainment Corp 
SWKS,Skyworks Solutions Inc. 
OKSB,Southwest Bancorp Inc. 
SM,SM Energy Co. 
SSNC,SS&C Technologies Holdings Inc. 
SLGN,Silgan Holdings Inc. 
SJI,South Jersey Industries Inc. 
SPSC,SPS Commerce Inc. 
SNV,Synovus Financial Corp. 
SPA,Sparton Corp. 
STRZA,Starz Series A 
SPLK,Splunk Inc. 
SCS,Steelcase Inc. 
STML,Stemline Therapeutics Inc. 
TCBI,Texas Capital Bancshares Inc. 
SGYP,Synergy Pharmaceuticals Inc 
STLD,Steel Dynamics Inc. 
SCL,Stepan Co. 
SNBC,Sun Bancorp Inc. 
SWC,Stillwater Mining Co. 
STC,Stewart Information Services 
STRA,Strayer Education Inc. 
SSYS,Stratasys Ltd. 
SPRT,support.com Inc. 
SCMP,Sucampo Pharmaceuticals Inc. 
STE,Steris Corp. 
SIVB,SVB Financial Group 
TMH,Team Health Holdings 
SRDX,SurModics Inc. 
SWFT,Swift Transportation Company 
DATA,Tableau Software 
TK,Teekay Corp 
TDS,Telephone & Data Systems Inc. 
TNAV,Telenav Inc. 
TRI,Thomson Reuters Corp 
UNXL,Uni-Pixel Inc. 
TER,Teradyne Inc. 
TXMD,Therapeuticsmd 
THR,Thermon Group Holdings 
TSC,TriState Capital Holdings Inc. 
UA,Under Armour 
TMUS,T-Mobile US Inc 
TUES,Tuesday Morning Corp. 
TTMI,TTM Technologies Inc. 
UMPQ,Umpqua Holdings Corp 
TRST,Trustco Bank Corp. 
USNA,USANA Health Sciences Inc. 
TUP,Tupperware Brands Corp. 
TYL,Tyler Technologies Inc. 
TOWN,TowneBank 
TRMB,Trimble Navigation Limited 
MTN,Vail Resorts Inc. 
VNTV,Vantiv 
UNIS,Unilife Corporation 
VAL,Valspar Corp. 
VVI,Viad Corp 
UFCS,United Fire Group Inc. 
UVV,Universal Corp. 
ECOL,US Ecology Inc. 
VR,Validus Holdings Ltd 
UEIC,Universal Electronics Inc. 
VVC,Vectren Corp 
VOXX,VOXX International Corporation 
WOOF,VCA Inc 
VICL,Vical Incorporated 
WMAR,West Marine Inc. 
VECO,Veeco Instruments Inc. 
DLR,Digital Realty Trust Inc. 
VHC,VirnetX Holding 
VMW,VMware Inc. 
VC,Visteon Corp. 
WSO,Watsco Inc. 
WAGE,WageWorks Inc 
WAC,Walter Investment Management Corp 
WDR,Waddell & Reed Financial Inc. 
FBIZ,First Business Financial Services Inc. 
WDFC,WD-40 Co. 
WBMD,WebMD Health Corp 
WSTL,Westell Technologies Inc. 
WR,Westar Energy Inc 
WAL,Western Alliance Bancorp 
CIM,Chimera Investment Corp 
WEYS,Weyco Group Inc. 
WWAV,WhiteWave Foods Co. 
WLL,Whiting Petroleum Corp. 
WWW,Wolverine World Wide Inc. 
YORW,York Water Co 
AERI,Aerie Pharmaceuticals Inc 
INT,World Fuel Services Corp. 
WWD,Woodward Inc. 
WDAY,Workday 
WSTC,West Corp. 
CBL,CBL & Associates Properties Inc. 
YRCW,YRC Worldwide Inc. 
ADMS,Adamas Pharmaceuticals Inc 
IVR,Invesco Mortgage Capital Inc. 
ELS,Equity Lifestyle Properties Inc 
ZNGA,Zynga Inc. 
TWTR,Twitter Inc 
CLI,Mack Cali Realty Corp 
DEI,Douglas Emmett Inc 
HIW,Highwoods Properties Inc. 
JW_A,Wiley 
SKT,Tanger Factory Outlet Centers Inc. 
OHI,Omega Healthcare Investors Inc. 
JLL,Jones Lang LaSalle Inc 
MNK,Mallinckrodt plc 
ACC,American Campus Communities Inc 
PCH,Potlatch Corp 
KRC,Kilroy Realty Corp. 
SNH,Senior Housing Properties Trust 
BRK_A,Berkshire Hathaway Inc. Cl A 
ATNM,ACTINIUM PHARMS INC 
EDR,Education Realty Trust Inc 
XXII,22nd Century Group Inc 
AKR,Acadia Realty Trust 
CLFD,Clearfield Inc. 
ALX,Alexander's Inc. 
AAMC,Altisource Asset Management 
ARWR,Arrowhead Research Corp 
CSLT,Castlight Health Inc 
HPP,Hudson Pacific Properties Inc 
BBW,Build-A-Bear Workshop 
BPTH,BIO-PATH HOLDINGS INC 
BLUE,bluebird bio Inc. 
SNOW,Intrawest Resorts Holdings Inc 
ESPR,Esperion Therapeutics Inc. 
CORR,CorEnergy Infrastructure Trust Inc 
CIDM,Cinedigm Digital Cinema Corp 
DCT,DCT Industrial Trust Inc 
JCOM,j2 Global Inc. 
CPS,Cooper-Standard Holdings Inc. 
NGHC,National General Holdings Corp 
CBPX,Continental Building Products Inc 
CLCT,Collectors Universe Inc 
DX,Dynex Capital Inc. 
INGN,Inogen Inc 
CRD_B,Crawford & Co. 
MBII,Marrone Bio Innovations Inc 
III,Information Services Group Inc 
NYNY,Empire Resorts Inc 
GAIA,Gaiam Inc. 
EGP,EastGroup Properties Inc. 
DRH,DiamondRock Hospitality Co. 
DAVE,Famous Dave's of America Inc. 
LTC,LTC Properties Inc. 
FGL,Fidelity & Guaranty Life 
GEO,Geo Group Inc 
FSP,Franklin Street Properties Corp 
HR,Healthcare Realty Trust Inc. 
PCYG,Park City Group Inc  
MGNX,MacroGenics Inc 
ITCI,Intra-Cellular Therapies Inc 
KAI,Kadant Inc 
ISRL,Isramco Inc. 
KALU,Kaiser Aluminum Corp. 
JONE,Jones Energy 
KS,KapStone Paper & Packaging Corp 
KERX,Keryx Biopharmaceuticals Inc. 
KRG,Kite Realty Group Trust 
LXFT,Luxoft Holding Inc. 
SHEN,Shenandoah Telecommunications Co. 
SIR,Select Income Real Estate Investment Trust 
KND,Kindred Healthcare Inc 
ACN,Accenture plc 
MC,Moelis & Co 
KEYW,The KEYW Holding Corporation 
MRTX,Mirati Therapeutics Inc 
NNVC,NanoViricides Inc. 
NHI,National Health Investors Inc. 
PTCT,PTC Therapeutics Inc. 
PMT,Pennymac Mortgage Investment Trust 
PFIE,PROFIRE ENERGY INC 
AEE,Ameren Corp. 
SFBS,ServisFirst Bancshares Inc. 
PEB,Pebblebrook Hotel Trust 
PLKI,Popeyes Louisiana Kitchen Inc 
PEI,Pennsylvania R.E. Invest. Tr. 
SALE,RetailMeNot Inc. 
REG,Regency Centers Corp. 
PFIS,Peoples Financial Services Corp 
RMAX,Re/Max Holdings Inc 
TRUE,TrueCar Inc 
RTRX,RETROPHIN INC 
APC,Anadarko Petroleum Corp 
RPAI,Retail Properties of America Inc 
ARNC,Untitled Dataset 2016-11-01 21:47:45
CCL,Carnival Corp. Paired Ctf 1 Com Carnival Corp & 1 Tr Sh 
VRX,"Valeant Pharmaceuticals International, Inc. "
TPRE,Third Point Reinsurance 
VNCE,Vince Holding Corp 
WCIC,WCI Communities 
BRK_B,Berkshire Hathaway Inc. Cl B 
AEP,American Electric Power Company 
BP,BPplc ADR 
FCX,Freeport-McMoRan Inc 
AAPL,Apple Inc 
BBY,Best Buy Inc 
NI,NiSource Inc 
CVX,Chevron Corporation 
AN,AutoNation Inc. 
AVB,Avalonbay Communities Inc. 
SWN,Southwestern Energy Co. 
AXP,American Express Co. 
COST,Costco Wholesale Corp 
BBBY,Bed Bath & Beyond Inc. 
BLK,BlackRock Inc. 
MA,MasterCard  Cl A 
CL,Colgate-Palmolive Co. 
CLX,Clorox Co. 
DUK,Duke Energy Corp 
FLS,Flowserve Corp. 
CNP,CenterPoint Energy Inc 
COTY,Coty Inc. 
F,Ford Motor Co. 
CMI,Cummins Inc. 
FE,FirstEnergy Corp. 
CTL,CenturyLink Inc. 
GOOGL,Alphabet Inc 
CSCO,Cisco Systems Inc. 
ETN,Eaton Corp plc 
DD,E.I. du Pont de Nemours and Co. 
DOV,Dover Corp 
EQR,Equity Residential 
EA,Electronic Arts Inc. 
FOXA,21st  Century Fox Inc 
GWW,Grainger 
ETFC,E*TRADE Financial Corporation 
EXPE,Expedia Inc 
KHC,Kraft Heinz Co 
FISV,Fiserv Inc. 
NVDA,NVIDIA Corp 
TDC,Teradata 
GRMN,Garmin Ltd. 
HD,Home Depot Inc 
GIS,General Mills Inc. 
MSI,Motorola Solutions Inc. 
PFG,Principal Financial Group Inc. 
GPS,Gap Inc. 
HCN,Welltower Inc 
RHT,Red Hat Inc. 
NUE,Nucor Corp. 
KMB,Kimberly-Clark Corp. 
KSU,Kansas City Southern 
RF,Regions Financial Corp 
MPC,Marathon Petroleum Corp. 
MUR,Murphy Oil Corp 
NFX,Newfield Exploration Co. 
WFM,Whole Foods Market Inc. 
ORLY,O Reilly Automotive Inc. 
WEC,WEC Energy Group Inc 
RRC,Range Resources Corp 
SYF,Synchrony Financial 
PHM,PulteGroup Inc. 
PSA,Public Storage 
STZ,Constellation Brands Inc 
SPG,Simon Property Group Inc. 
SE,Spectra Energy Corp 
ROST,Ross Stores Inc. 
TMK,Torchmark Corp. 
WU,Western Union Co. 
VNO,Vornado Realty Trust 
WDC,Western Digital Corp. 
WMB,Williams Cos Inc 
YUM,Yum! Brands Inc. 
WHR,Whirlpool Corp 
XOM,Exxon Mobil Corp. 
WAFD,Washington Federal Inc. 
GB,Greatbatch 
ARQL,ArQule Inc. 
AWI,Armstrong World Industries Inc. 
AVAV,AeroVironment Inc. 
BEAV,B/E Aerospace Inc 
ASNA,Ascena Retail Group Inc. 
OSK,Oshkosh Corp 
DDD,3D Systems Corp. 
AI,Arlington Asset Investment Corp 
ALCO,Alico Inc. 
BGFV,Big 5 Sporting Goods Corp 
ALEX,Alexander & Baldwin Inc. 
AKS,AK Steel Holding 
ABCB,Ameris Bancorp 
AHC,A.H. Belo Corp 
FLWS,1-800 FLOWERS.COM Inc. 
AVHI,A V Homes Inc. 
ABMD,ABIOMED Inc. 
BBG,Bill Barrett Corp. 
ATEC,Alphatec Holdings Inc. 
ABCO,Advisory Board Company 
BDE,Black Diamond Inc 
ADTN,Adtran Inc. 
ACAT,Arctic Cat Inc 
BELFB,Bel Fuse Inc. 
ATHN,athenahealth Inc. 
CRZO,Carrizo Oil & Gas Inc. 
AOI,Alliance One International Inc 
BGS,B&G Foods Inc 
AKRX,Akorn Inc. 
BXC,BlueLinx Holdings Inc 
ACOR,Acorda Therapeutics Inc. 
BFAM,Bright Horizons Family Solutions 
AEL,American Equity Investment Life Holding Co 
BCPC,Balchem Corp. 
ALGN,Align Technology Inc. 
CIX,CompX International Inc. 
AVD,American Vanguard 
TRGP,Targa Resources Corp 
ALJ,Alon USA Energy Inc 
AVNW,Aviat Networks Inc. 
ANIK,Anika Therapeutics Inc. 
BIG,Big Lots Inc. 
AFG,American Financial Group Inc 
CCOI,Cogent Communications Holdings Inc. 
FOLD,Amicus Therapeutics Inc. 
BJRI,BJ's Restaurants Inc. 
ARNA,Arena Pharmaceuticals Inc. 
CWST,Casella Waste Systems Inc. 
AVG,AVG Technologies 
CLD,Cloud Peak Energy Inc 
BIO,Bio-Rad Laboratories Inc. Cl A 
CBK,Christopher & Banks Corp. 
BLMN,Bloomin' Brands Inc. 
CCC,Calgon Carbon Corp. 
BG,Bunge Ltd. 
CHFC,Chemical Financial Corp. 
CW,Curtiss-Wright Corp. 
DPZ,Dominos Pizza Inc. 
BCO,The Brinks Company 
CBOE,CBOE Holdings Inc. 
CHH,Choice Hotels International Inc. 
HBIO,Harvard Bioscience Inc. 
CRR,Carbo Ceramics Inc. 
FLTX,Fleetmatics Group 
CALX,Calix Networks 
DAR,Darling Ingredients Inc 
CPLA,Capella Education Company 
PLCE,Children's Place Inc. 
CRAY,Cray Inc. 
DHX,DHI Group Inc 
CENTA,Central Garden & Pet Company 
CPSI,Computer Programs & Systems Inc 
ESE,ESCO Technologies Inc. 
FDP,Fresh Del Monte Produce Inc. 
DJCO,Daily Journal Corp. 
DISH,DISH Network Corporation 
CIA,Citizens Inc. Cl A 
DWSN,Dawson Geophysical Co. 
CSBK,Clifton Bancorp Inc 
DK,Delek US Holdings Inc 
CSGP,CoStar Group Inc. 
EBS,Emergent Biosolutions 
EE,El Paso Electric Company 
FBNK,First Connecticut Bancorp Inc. 
CIR,Circor International Inc 
HGG,HHGregg Inc. 
CBU,Community Bank System Inc. 
CUTR,Cutera Inc. 
CVLT,CommVault Systems Inc. 
CUNB,CU Bancorp 
DSCI,Derma Sciences Inc. 
GNMK,GenMark Diagnostics Inc. 
CBRL,Cracker Barrel Old Country Store Inc. 
EVTC,Evertec Inc. 
CTS,CTS Corp. 
EZPW,EZCORP Inc. 
DGI,DigitalGlobe Inc 
ENH,Endurance Specialty Holdings Ltd 
DGICA,Donegal Group Inc. 
GSIT,GSI Technology 
ETM,Entercom Communications Corp. Cl A 
IPCC,Infinity Property & Casualty Corp 
DGII,Digi International Inc. 
FDUS,Fidus Investment Corp 
DNKN,Dunkin' Brands Group Inc. 
FSS,Federal Signal Corp. 
FORM,FormFactor Inc.  
GSM,Ferroglobe PLC 
ENSG,Ensign Group Inc 
FISI,Financial Institutions Inc. 
ESIO,Electro Scientific Industries Inc. 
HALO,Halozyme Therapeutics Inc. 
LION,Fidelity Southern Corp 
TSLA,Tesla Motors Inc. 
ENV,Envestnet 
FFKT,Farmers Capital Bank Corporation 
EEFT,Euronet Worldwide Inc. 
FNSR,Finisar Corporation 
FIVE,Five Below Inc. 
GPN,Global Payments Inc. 
FNF,Fidelity National Financial Inc 
AJG,Gallagher 
FET,Forum Energy Technologies 
GGG,Graco Inc. 
GARS,Garrison Capital Inc 
GLRE,Greenlight Capital Re Ltd. 
FC,Franklin Covey Co 
INDB,Independent Bank Corp. 
FRO,Frontline Ltd 
HTBK,Heritage Commerce Corp. 
FUL,Fuller 
GBLI,Global Indemnity plc 
FULT,Fulton Financial Corp. 
GRIF,Griffin Industrial Realty Inc 
GBCI,Glacier Bancorp Inc. 
INVN,Invensense Inc 
GLAD,Gladstone Capital Corp 
GPRE,Green Plains Inc. 
GEF,Greif Inc 
HWKN,Hawkins Inc 
ENT,Global Eagle Entertainment Inc.. 
IMMU,Immunomedics Inc. 
GPX,GP Strategies Corp. 
HCOM,Hawaiian Telcom Holdco Inc. 
ININ,Interactive Intelligence Group Inc. 
HAFC,Hanmi Financial Corp. 
HDNG,Hardinge Inc. 
HOLX,Hologic Inc. 
HBI,HanesBrands Inc 
HTGC,Hercules Technology Growth Capital Inc 
HBHC,Hancock Holding Co. 
HW,Headwaters Inc. 
HVT,Haverty Furniture Cos. Inc. 
IEX,IDEX Corp. 
HTLF,Heartland Financial USA Inc. 
H,Hyatt Hotels 
HTZ,Hertz Global Holdings 
INTX,Intersections Inc 
GABC,German American Bancorp Inc 
INGR,Ingredion Inc 
INFN,Infinera Corporation 
LNDC,Landec Corporation 
HTBI,HomeTrust Bancshares Inc. 
BLOX,Infoblox 
ILMN,Illumina Inc. 
KOP,Koppers Holdings 
IPAR,Inter Parfums Inc. 
LTS,Ladenburg Thalmann Financial Services Inc. 
HURN,Huron Consulting Group Inc. 
INWK,InnerWorkings Inc. 
HHC,Howard Hughes 
IPXL,Impax Laboratories Inc. 
IMPV,Imperva Inc 
LSCC,Lattice Semiconductor Corporation 
IMI,Intermolecular Inc. 
LII,Lennox International Inc 
IIIN,Insteel Industries Inc. 
MBFI,MB Financial Inc 
IPHS,Innophos Holdings Inc 
MCBC,Macatawa Bank Corp. 
IL,IntraLinks Holdings 
INAP,Internap Corp 
MRLN,Marlin Business Services Corp 
ISIL,Intersil Corp. 
MGM,MGM Resorts International 
IVC,Invacare Corp 
MHO,M/I Homes 
IRBT,iRobot Corporation 
ISBC,Investors Bancorp Inc 
MIDD,Middleby Corp. 
LAYN,Layne Christensen Company 
LMNX,Luminex Corporation 
LVLT,Level 3 Communications Inc. 
MDR,McDermott International Inc. 
LBY,Libbey Inc. 
HZO,MarineMax Inc 
LPSN,LivePerson Inc. 
MTRX,Matrix Service Company 
LMIA,LMI Aerospace Inc. 
NCMI,National CineMedia Inc 
LPX,Louisiana-Pacific Corp. 
MBI,MBIA Inc. 
LL,Lumber Liquidators Holdings 
LPLA,LPL Financial Holdings Inc. 
MSEX,Middlesex Water Co. 
LUB,Lubys Inc. 
MDU,MDU Resources Group Inc. 
LMOS,Lumos Networks Corp. 
MNI,McClatchy Co. Cl A 
MDC,M.D.C. Holdings Inc. 
MSTR,MicroStrategy Incorporated 
MTDR,Matador Resources 
MTZ,MasTec Inc. 
NEOG,Neogen Corp. 
MCY,Mercury General Corp. 
MIND,Mitcham Industries Inc. 
MED,Medifast Inc 
NEON,Neonode Inc. 
MD,Mednax 
NVAX,Novavax Inc. 
MACK,Merrimack Pharmaceuticals Inc. 
MITK,Mitek Systems Inc. 
CASH,Meta Financial Group Inc 
NSM,Nationstar Mortgage Holdings 
MEI,Methode Electronics Inc. 
TNC,Tennant Co. 
MTH,Meritage Homes Corp. 
ODFL,Old Dominion Freight Line Inc. 
MG,Mistras Group 
PTEN,Patterson-UTI Energy Inc. 
MKSI,MKS Instruments Inc. 
NSR,NeuStar Cl A 
MGI,Moneygram International Inc. 
NWPX,Northwest Pipe Company 
MPWR,Monolithic Power Systems Inc 
PGC,Peapack-Gladstone Financial Corp. 
NANO,Nanometrics Incorporated 
OFG,OFG Bancorp 
FIZZ,National Beverage Corp. 
OREX,Orexigen Therapeutics Inc. 
NWLI,National Western Life Group Inc 
OMCL,Omnicell Inc. 
NGS,Natural Gas Services Group Inc. 
POR,Portland General Electric Co. 
NATR,Nature's Sunshine Products Inc. 
NFBK,Northfield Bancorp Inc 
NKTR,Nektar Therapeutics 
RFP,Resolute Forest Products 
ONB,Old National Bancorp 
PCBK,Pacific Continental Corp 
OII,Oceaneering International Inc. 
PNM,PNM Resources Inc 
ORN,Orion Marine Group 
PRO,Pros Holdings Inc. 
OSIR,Osiris Therapeutics Inc 
PPHM,Peregrine Pharmaceuticals Inc. 
OSTK,Overstock.com Inc. 
PHIIK,PHI Inc. 
PCRX,Pacira Pharmaceuticals Inc. 
SCHL,Scholastic Corp. 
PHH,PHH Corp. 
PROV,Provident Financial Holdings Inc. 
RGLS,Regulus Therapeutics Inc. 
PBF,PBF Energy Inc 
PZG,Paramount Gold Nevada Corp 
UGI,UGI Corp. 
PFMT,Performant Financial Corporation 
PCYO,Pure Cycle Corporation 
PDFS,PDF Solutions Inc. 
ROL,Rollins Inc. 
PRSC,Providence Service Corp 
RH,Restoration Hardware Holdings 
ROG,Rogers Corp. 
QGEN,Qiagen N.V. 
RTEC,RUDOLPH TECH INC
POWL,Powell Industries Inc. 
SEM,Select Medical Holdings 
BPOP,Popular Inc. 
SPNC,Spectranetics Corporation 
PRI,Primerica Inc. 
RGS,Regis Corp. 
SLAB,Silicon Laboratories Inc. 
RAX,Rackspace Hosting 
RBC,Regal Beloit Corp 
SAH,Sonic Automotive Inc. 
SYBT,SPDR Barclays US Treasury Bond UCITS ETF 
SF,Stifel Financial Corp. 
RIGL,Rigel Pharmaceuticals Inc. 
SUP,Superior Industries Intl. 
RNET,RigNet Inc. 
RGR,Sturm Ruger& Co. Inc. 
RLI,RLI Corp. 
TREX,Trex Co. Inc. 
RCL,Royal Caribbean Cruises Ltd. 
SPB,Spectrum Brands Holdings Inc 
JBSS,Sanfilippo 
SPNS,Sapiens International Corp. N.V. 
SHOR,ShoreTel Inc. 
SCHN,Schnitzer Steel Industries Inc. 
SCVL,Shoe Carnival Inc. 
SRPT,Sarepta Therapeutics Inc. 
SFNC,Simmons First National Corp. 
SGMO,Sangamo BioSciences Inc. 
VSEC,VSE Corp. 
SEB,Seaboard Corp. 
SSI,Stage Stores Inc. 
SNSS,Sunesis Pharmaceuticals Inc. 
TZOO,Travelzoo Inc. 
SENEA,Seneca Foods Corp. 
USPH,U.S. Physical Therapy Inc. 
SREV,ServiceSource International Inc. 
SONS,Sonus Networks Inc. 
SIG,Signet Jewelers Ltd 
SVU,Supervalu Inc. 
SPPI,Spectrum Pharmaceuticals Inc. 
TASR,TASER International Inc. 
SRI,Stoneridge Inc. 
WEN,Wendys International Inc. 
STL,Sterling Bancorp 
THS,TreeHouse Foods 
SPWR,SunPower Corporation 
TTPH,Tetraphase Pharmaceuticals Inc. 
SUPN,Supernus Pharmaceuticals Inc. 
WTM,White Mountains Insurance Group Ltd. 
SYNT,Syntel Inc. 
USM,U.S. Cellular Corp. 
TCB,TCF Financial Corp 
TRR,TRC Companies 
TSRO,TESARO Inc. 
UVE,Universal Insurance Holdings Inc 
TGH,Textainer Group Holdings Ltd 
WGO,Winnebago Industries Inc. 
TCRD,THL Credit Inc. 
UFI,Unifi Inc. 
TPH,Tri Pointe Homes Inc 
GPT,Gramercy Property Trust 
TTGT,TechTarget Inc 
WTW,Weight Watchers International Inc. 
UMBF,UMB Financial Corp 
WRLD,World Acceptance Corporation 
UTHR,United Therapeutics Corporation 
ZLTQ,ZELTIQ Aesthetics Inc. 
USAP,Universal Stainless & Alloy Products Inc. 
WCC,Wesco International Inc. 
VLY,Valley National Bancorp 
WINA,Winmark Corp 
VNDA,Vanda Pharmaceuticals Inc. 
PERI,Perion Network Ltd. 
ZIXI,Zix Corporation 
AGNC,American Capital Agency Corp 
VGR,Vector Group Ltd 
DDR,DDR Corp. 
WSBC,WesBanco Inc. 
HPT,Hospitality Properties Trust 
CUDA,Barracuda Networks Inc 
VASC,Vascular Solutions Inc. 
WOR,Worthington Industries Inc. 
VSI,Vitamin Shoppe 
DRE,Duke Realty Corp. 
VSAT,ViaSat Inc. 
WTS,Watts Water Technologies Inc 
TCO,Taubman Centers Inc. 
CLF,Cliffs Natural Resources Inc. 
VG,Vonage Holdings 
XRM,Xerium Technologies 
WBC,WABCO Holdings 
AGTC,Applied Genetic Technologies Corp 
WSBF,Waterstone Financial Inc 
MTGE,American Capital Mortgage Investment Corp. 
WLK,Westlake Chemical Corp 
STWD,Starwood Property Trust Inc. 
WHG,Westwood Holdings Group Inc. 
KMPR,Kemper Corp. 
WLH,William Lyon Homes Inc. 
CLNY,Colony Capital Inc 
WSM,Williams Sonoma Inc 
PE,Parsley Energy Inc 
STAG,STAG Industrial Inc. 
ITT,ITT Corporation 
ARCB,ArcBest Corp 
PPS,Post Properties Inc. 
CPT,Camden Property Trust 
ANH,Anworth Mortgage Asset Corp. 
KMT,Kennametal Inc. 
LRN,K12 Inc. 
FRT,Federal Realty Investment Trust 
CTRE,CareTrust REIT Inc 
GFN,General Finance Corporation General Finance Corporation 
LQ,La Quinta Holdings Inc 
KBH,KB HOME 
ASC,Ardmore Shipping Corp 
CXW,Corrections Corporation of America 
GRUB,GrubHub Inc 
COUP,Coupons.com Inc 
FMI,Foundation Medicine Inc 
ADC,Agree Realty Corp. 
KRNY,Kearny Financial Corp 
ANIP,ANI Pharmaceuticals Inc. 
IRWD,Ironwood Pharmaceuticals Inc. 
AHT,Ashford Hospitality Trust Inc 
DRNA,Dicerna Pharmaceuticals 
BCRX,BioCryst Pharmaceuticals Inc. 
EROS,Eros International Plc 
CRCM,Care.com Inc 
FOXF,Fox Factory Holding Corp 
COR,CoreSite Realty Corp. 
KAMN,Kaman Corp. 
EPR,EPR Properties 
OCLR,Oclaro Inc 
BIDU,Baidu Inc. ADS 
DHT,DHT Holdings Inc. 
LADR,Ladder Capital Corp 
CONE,CyrusOne Inc 
DOOR,Masonite International Corp 
FIVN,Five9 Inc 
OMED,OncoMed Pharmaceuticals Inc. 
HXL,Hexcel Corp. 
ISLE,Isle of Capri Casinos Inc. 
FTD,FTD Companies Inc 
STAR,iStar Inc 
BFS,Saul Centers Inc. 
FR,First Industrial Realty Trust Inc. 
KELYA,Kelly Services Inc. 
GOOD,Gladstone Commercial Corp 
KEM,Kemet Corp. 
GSAT,Globalstar Inc 
OPB,Opus Bank Irvine 
IXYS,IXYS Corp. 
LE,Lands' End Inc. 
RNG,RingCentral 
GME,GameStop Corp 
JOUT,Johnson Outdoors Inc 
OGS,ONE Gas Inc 
AIG,American International Group Inc 
KTWO,K2M Group Holdings Inc 
MPAA,Motorcar Parts  of America Inc. 
CUR,Neuralstem Inc 
RARE,Ultragenyx Pharmaceutical Inc 
VOD,Vodafone Group Plc ADR No Par 
BAC,Bank of America Corp. 
NRZ,New Residential Investment Corp 
SP,SP Plus Corporation 
BXP,Boston Properties Inc. 
MDT,Medtronic PLC 
PAHC,Phibro Animal Health Corp. 
NYLD,NRG Yield Inc 
BMY,Bristol-Myers Squibb Co. 
AVY,Avery Dennison Corp. 
ONVO,Organovo 
VCYT,Veracyte Inc 
PTSI,P.A.M. Transportation Services Inc. 
SCAI,Surgical Care Affiliates Inc 
PCTY,Paylocity Holding Corp 
SQBG,Sequential Brands Group Inc 
VTL,Vital Therapies Inc 
ADBE,Adobe Systems Incorporated 
PEGI,Pattern Energy Group Inc 
VRNS,Varonis System Inc 
AMP,Ameriprise Financial Inc 
DVA,DaVita HealthCare Partners Inc 
FITB,Fifth Third Bancorp 
NKE,NIKE Inc 
RPT,Ramco-Gershenson Properties Trust 
SNMX,Senomyx Inc. 
TROX,Tronox Ltd 
APH,Amphenol Corp. 
DTE,DTE Energy Co. 
MAS,Masco Corp. 
PWR,Quanta Services Inc. 
ALXN,Alexion Pharmaceuticals Inc. 
DHR,Danaher Corp. 
HP,Helmerich & Payne Inc. 
ROIC,Retail Opportunity Investments Corp 
WMC,Western Asset Mortgage Capital Corp 
JBL,Jabil Circuit Inc. 
FUEL,Rocket Fuel Inc. 
SGM,Stonegate Mortgage Corp 
DLPH,Delphi Automotive Plc 
GLW,Corning Inc. 
TNET,Trinet Group Inc. 
MJN,Mead Johnson Nutrition Co 
PBCT,People's United Financial Inc. 
SUI,Sun Communities Inc. 
ZEN,Zendesk Inc 
ABC,AmerisourceBergen Corp. 
CHRW,Robinson 
INN,Summit Hotel Properties Inc 
A,Agilent Technologies Inc. 
SHO,Sunstone Hotel Investors Inc 
USAK,USA Truck Inc. 
ADI,Analog Devices Inc. 
BIIB,Biogen Inc 
STRT,Strattec Security Corp. 
VSAR,Versartis Inc 
APA,Apache Corp. 
FTR,Frontier Communications Corp 
TRMR,Tremor Video 
ADM,Archer Daniels Midland Co. 
D,Dominion Resources Inc 
GS,The Goldman Sachs Group Inc. 
TBPH,Theravance Biopharma Inc. 
WRE,Washington R.E. Inv. Trust 
AKAM,Akamai Technologies Inc. 
DISCK,Discovery Communications Inc. 
HEAR,Turtle Beach Corp. 
GOLD,Randgold Resources Ltd. ADR 
ABBV,AbbVie Inc. 
GILD,Gilead Sciences Inc. 
TRNO,Terreno Realty Corp 
BRT,BRT Realty Trust 
ALLE,Allegion Plc 
CTXS,Citrix Systems Inc. 
AA,Alcoa Inc. 
BHI,Baker Hughes Inc. 
CTSH,Cognizant Technology Solutions Corp. 
ITW,Illinois Tool Works Inc. 
LLL,L-3 Communications Holdings Inc. 
CPB,Campbell Soup Co. 
EXPD,Expeditors International of Washington Inc. 
HAR,Harman International Industries Inc. 
MRK,Merck & Co. Inc 
CBG,CBRE Group 
JPM,JP Morgan Chase 
LUV,Southwest Airlines Co 
DNB,Dun & Bradstreet Corp 
FIS,Fidelity National Information Services Inc 
CMG,Chipotle Mexican Grill 
LLTC,Linear Technology Corp. 
UPS,United Parcel Service Inc. 
JNJ,Johnson & Johnson 
PH,Parker Hannifin Corp. 
HRB,H&R Block Inc 
KIM,Kimco Realty Corp. 
GM,General Motors Co. 
HSY,Hershey Company 
INTC,Intel Corp 
PRGO,Perrigo Company plc 
PRU,Prudential Financial Inc. 
NEE,NextEra Energy Inc 
NWL,Newell Rubbermaid Inc. 
SRE,Sempra Energy 
HON,Honeywell International Inc. 
MO,Altria Group Inc 
PEP,Pepsico Inc. 
SPLS,Staples Inc 
NTAP,NetApp Inc. 
PPG,PPG Industries Inc. 
LB,L Brands Inc 
STJ,St. Jude Medical Inc. 
MCHP,MicroChip Technology Inc. 
PNR,Pentair PLC 
LRCX,Lam Research Corp 
PXD,Pioneer Natural Resources Co. 
NLSN,Nielsen Holdings PLC 
SYY,Sysco Corp. 
MCD,McDonald's Corp 
PM,Philip Morris International Inc 
MET,MetLife Inc 
SBUX,Starbucks Corp. 
VAR,Varian Medical Systems Inc. 
PPL,PPL Corp 
USB,U.S. Bancorp 
NDAQ,Nasdaq Inc 
NWS,News Corp 
TMO,Thermo Fisher Scientific 
PNW,Pinnacle West Capital Corp. 
PX,Praxair Inc. 
R,Ryder System Inc. 
SNI,Scripps Networks Interactive Inc 
SNA,Snap-On Inc. 
SYMC,Symantec Corp. 
TSN,Tyson Foods Inc. 
V,Visa Inc 
VTR,Ventas Inc. 
VRTX,Vertex Pharmaceuticals Incorporated 
XRX,Xerox Corp 
WM,Waste Management Inc. 
XEL,Xcel Energy Inc. 
